"Timestamp","Vehicle","coach_1_OutdoorTemp","coach_1_InteriorTemp","coach_1_SetPointTemp","coach_1_SupplyTemp","coach_6_OutdoorTemp","coach_6_InteriorTemp","coach_6_SetPointTemp","coach_6_SupplyTemp","coach_3_OutdoorTemp","coach_3_InteriorTemp","coach_3_SetPointTemp","coach_3_SupplyTemp","coach_4_OutdoorTemp","coach_4_InteriorTemp","coach_4_SetPointTemp","coach_4_SupplyTemp","coach_2_OutdoorTemp","coach_2_InteriorTemp","coach_2_SetPointTemp","coach_2_SupplyTemp","coach_5_OutdoorTemp","coach_5_InteriorTemp","coach_5_SetPointTemp","coach_5_SupplyTemp","DeltaTemp_coach_1","DeltaTemp_coach_2","DeltaTemp_coach_3","DeltaTemp_coach_4","DeltaTemp_coach_5","DeltaTemp_coach_6"
"07-01 06:49","Train_A",25.8,26.63,25.3,21.3,23.7,25.43,24.5,22.9,24.9,26.73,24.9,18.9,24.1,25.43,24.6,21.5,24.6,26.73,24.8,20.2,23.9,25.83,24.5,24,1.33,1.93,1.83,0.829999999999997,1.33,0.929999999999999
"07-01 06:51","Train_A",25.4,26.02,25.1,23.5,24,25.62,24.6,24.7,24.6,25.92,24.8,21.9,24,25.22,24.6,23.9,24.6,25.52,24.8,24.2,23.9,25.92,24.5,25,0.92,0.720000000000001,1.12,0.619999999999999,1.42,1.02
"07-01 06:53","Train_A",25.3,24.69,25.1,19.6,23.7,24.29,24.4,25.3,24.3,24.39,24.7,17.7,24,24.19,24.6,24.9,24.3,24.39,24.7,24.7,23.6,24.29,24.4,19,-0.410000000000001,-0.309999999999999,-0.309999999999999,-0.410000000000001,-0.11,-0.11
"07-01 06:55","Train_A",24.8,23.43,24.9,23,23.4,23.53,24.3,19.2,23.9,23.23,24.5,21.4,23.4,22.83,24.3,20.9,23.8,23.13,24.5,23.3,23.3,22.43,24.3,22.3,-1.47,-1.37,-1.27,-1.47,-1.87,-0.770000000000001
"07-01 06:57","Train_A",25,24.33,25,21.9,23.9,22.73,24.5,22.5,24.1,24.03,24.6,22.3,23.7,23.03,24.5,23.4,24.2,23.73,24.7,25.3,23.7,23.33,24.5,24.2,-0.670000000000001,-0.969999999999998,-0.570000000000003,-1.47,-1.17,-1.77
"07-01 06:59","Train_A",25.3,25.24,25.1,23.2,24,24.54,24.6,24.3,24.8,24.84,24.9,21.8,24.3,24.64,24.7,24.6,24.7,25.24,24.9,22.1,24,24.84,24.6,24.9,0.139999999999999,0.340000000000001,-0.0599999999999972,-0.0600000000000007,0.24,-0.0600000000000007
"07-01 07:01","Train_A",25,25.31,25,21.6,24.2,24.61,24.7,25,24.4,25.01,24.7,23.3,24.3,25.01,24.7,25.2,24.3,24.81,24.7,25.2,24.3,25.01,24.7,22.2,0.310000000000001,0.110000000000001,0.310000000000001,0.310000000000001,0.310000000000001,-0.0899999999999979
"07-01 07:03","Train_A",23.9,25.23,24.5,21.2,23.6,25.93,24.4,21.9,23.2,25.03,24.3,18.5,24.3,25.13,24.7,21.1,23.2,25.63,24.2,17.6,23.3,24.93,24.3,23,0.730000000000001,1.43,0.730000000000001,0.43,0.629999999999999,1.53
"07-01 07:05","Train_A",24.2,26.31,24.7,23.3,23.9,25.51,24.5,22.9,23.5,25.91,24.4,21.1,23.9,25.71,24.5,23.5,23.4,25.21,24.4,22.1,23.5,26.21,24.4,24.6,1.61,0.810000000000001,1.51,1.21,1.81,1.01
"07-01 07:07","Train_A",25.3,25.29,25.1,21.3,24.3,24.49,24.7,24.6,24.3,25.09,24.7,22.8,24.5,24.69,24.8,24.6,24.6,24.49,24.8,24.4,24.8,24.79,24.9,20.9,0.19,-0.31,0.389999999999999,-0.110000000000001,-0.109999999999997,-0.209999999999999
"07-01 07:09","Train_A",25.7,24.47,25.2,24.2,24.9,23.87,24.9,25.4,24.8,24.87,24.9,24,25,23.87,25,25.1,25,24.27,24.9,25.9,25.1,23.37,25,24.5,-0.729999999999999,-0.629999999999998,-0.03,-1.13,-1.63,-1.03
"07-01 07:11","Train_A",25.5,24.93,25.2,22.5,24.9,25.33,24.9,25.9,24.7,25.63,24.8,17.5,25.1,25.43,25,25.2,24.6,25.13,24.8,23.5,25,24.93,25,25.4,-0.270000000000001,0.330000000000001,0.830000000000001,0.429999999999999,-0.0700000000000014,0.430000000000002
"07-01 07:13","Train_A",26.2,26.76,25.4,24.6,25.4,26.36,25.1,22.7,25.5,26.26,25.2,20.7,25.3,26.46,25.1,23.5,25.4,26.46,25.2,26,25.3,26.36,25.1,21.5,1.36,1.26,1.06,1.36,1.26,1.26
"07-01 07:15","Train_A",26.6,25.83,25.6,21.4,25.5,25.03,25.2,25.3,25.7,25.73,25.3,23.3,26.3,25.23,25.5,22.2,25.9,25.73,25.3,22.5,25.6,25.03,25.2,25,0.229999999999998,0.430000000000001,0.430000000000001,-0.269999999999999,-0.170000000000001,-0.170000000000001
"07-01 07:17","Train_A",25.9,24.9,25.3,24.4,25.3,24.7,25.1,25.9,25.1,24.5,25,19.9,25.6,24.5,25.2,25,25.2,25,25.1,24.2,25.2,24.8,25.1,25.7,-0.400000000000001,-0.1,-0.499999999999999,-0.699999999999998,-0.300000000000003,-0.400000000000001
"07-01 07:19","Train_A",26.2,24.44,25.4,19.6,25.5,24.74,25.2,22.1,25.5,24.74,25.2,22.4,25.8,24.74,25.3,20.4,25.6,24.14,25.2,24,25.8,24.04,25.3,23.6,-0.959999999999998,-1.06,-0.459999999999998,-0.559999999999999,-1.26,-0.459999999999998
"07-01 07:21","Train_A",25.5,23.6,25.2,23.3,24.9,23.7,25,24.6,24.9,24.1,24.9,20.6,25.1,23.7,25,24.3,24.9,24.2,24.9,23.7,25.1,24,25,25.6,-1.6,-0.699999999999999,-0.8,-1.3,-0.999999999999999,-1.3
"07-01 07:23","Train_A",26.6,24.75,25.6,22.1,25.9,24.75,25.3,25.9,25.7,24.35,25.2,18.7,26,24.75,25.4,24.4,25.8,23.75,25.3,22.5,25.8,24.05,25.3,23.2,-0.85,-1.55,-0.85,-0.649999999999997,-1.25,-0.549999999999999
"07-01 07:25","Train_A",26.3,25.48,25.5,24.3,26,25.28,25.4,24.5,25.6,25.28,25.2,22.6,26.2,25.08,25.4,24.3,25.6,24.98,25.2,25.3,25.6,25.28,25.2,25.5,-0.02,-0.219999999999999,0.0800000000000014,-0.319999999999997,0.0800000000000014,-0.119999999999998
"07-01 07:27","Train_A",26.9,26.76,25.7,22.7,26.6,26.36,25.6,24.2,25.9,25.96,25.4,19,26.3,25.96,25.5,24.7,26.1,25.76,25.4,26.6,26.3,26.16,25.5,24.3,1.06,0.360000000000001,0.560000000000001,0.459999999999999,0.659999999999999,0.76
"07-01 07:31","Train_A",24.6,24.44,24.8,23.2,24.9,24.54,24.9,25.3,24.3,24.44,24.7,20.6,24.9,24.64,24.9,21.5,24,23.84,24.6,23.5,24.8,24.94,24.9,25.7,-0.360000000000002,-0.760000000000001,-0.260000000000001,-0.259999999999997,0.04,-0.359999999999999
"07-01 07:33","Train_A",25.5,24.18,25.2,20,25.6,24.78,25.2,23.6,25,24.18,25,18.8,25.5,23.98,25.2,24.6,25,24.08,25,25.8,25.4,23.68,25.1,22.6,-1.02,-0.92,-0.819999999999999,-1.22,-1.42,-0.42
"07-01 07:35","Train_A",25.5,25.07,25.2,23.5,25.6,24.87,25.2,23.7,25,25.07,24.9,22.4,25.3,25.37,25.1,25.4,24.9,24.77,24.9,23.2,25.1,25.07,25,25.1,-0.129999999999999,-0.129999999999999,0.170000000000001,0.269999999999999,0.07,-0.329999999999999
"07-01 07:37","Train_A",25.5,25.54,25.2,21.8,25.5,25.24,25.2,25.5,24.9,24.94,24.9,20,25.1,24.54,25,22.8,24.8,24.84,24.9,25.9,26,25.14,25.3,20.4,0.340000000000002,-0.06,0.0400000000000014,-0.459999999999999,-0.160000000000001,0.0400000000000014
"07-01 07:41","Train_A",26.2,22.9,25.5,24.6,25.2,22.1,25.1,24.3,25.5,23.2,25.2,17.1,25.8,22.7,25.3,20.9,25.6,22.2,25.2,25.7,25.3,22.9,25.1,25.6,-2.6,-3,-2,-2.6,-2.2,-3
"07-01 07:43","Train_A",26.6,24.52,25.6,20.4,25.6,24.22,25.2,25.5,25.6,23.52,25.2,21.2,26,23.72,25.3,24.7,25.9,24.62,25.3,23,25.8,24.02,25.3,21.9,-1.08,-0.679999999999999,-1.68,-1.58,-1.28,-0.98
"07-01 07:45","Train_A",26.1,24.6,25.4,24.2,25.6,24.8,25.2,26,25.4,24.5,25.1,23.5,25.6,24.5,25.2,25.6,25.4,23.8,25.1,25,25.3,24.1,25.1,25,-0.8,-1.3,-0.600000000000001,-0.699999999999999,-1,-0.399999999999998
"07-01 07:47","Train_A",26.3,26.37,25.5,25.3,25.5,25.17,25.2,23.8,25.5,25.87,25.2,15.9,25.4,25.57,25.1,21,25.6,25.67,25.2,26.1,25.5,25.67,25.2,25.9,0.870000000000001,0.469999999999999,0.670000000000002,0.469999999999999,0.469999999999999,-0.0300000000000007
"07-01 07:49","Train_A",26.6,26.94,25.6,22.5,25.7,26.24,25.3,25.6,25.7,26.74,25.3,22,25.6,25.64,25.2,24.8,25.7,26.34,25.2,25.4,25.6,26.14,25.2,20.3,1.34,1.14,1.44,0.440000000000002,0.940000000000002,0.939999999999999
"07-01 07:51","Train_A",26.5,26.56,25.6,20.9,25.8,25.86,25.3,26.1,25.9,25.76,25.3,17.9,25.8,25.46,25.3,25.6,26.2,25.86,25.4,26.7,25.6,25.36,25.2,25.1,0.959999999999999,0.460000000000003,0.459999999999999,0.159999999999999,0.160000000000002,0.560000000000001
"07-01 07:53","Train_A",27,25.38,25.7,23.6,25.9,24.68,25.3,22.9,26.3,24.68,25.5,22.3,26.4,25.48,25.5,23.3,26.4,24.98,25.5,21.6,26.1,25.38,25.4,26.3,-0.319999999999999,-0.519999999999999,-0.819999999999999,-0.0199999999999986,-0.0199999999999986,-0.62
"07-01 07:55","Train_A",26.8,25.33,25.7,25.3,25.6,24.53,25.2,25.5,26.1,24.73,25.4,24,26.1,24.53,25.4,25.4,26.1,24.23,25.4,25.7,25.8,24.53,25.3,20.2,-0.369999999999998,-1.17,-0.669999999999999,-0.869999999999998,-0.77,-0.669999999999999
"07-01 07:57","Train_A",27.5,27.19,26,21.8,25.5,27.29,25.2,20,26.9,26.99,25.7,20.2,25.7,27.09,25.3,19.4,26.3,27.29,25.5,22.3,25.6,26.29,25.2,24.8,1.19,1.79,1.29,1.79,1.09,2.09
"07-01 07:59","Train_A",27.3,24.74,25.9,25.2,25.3,23.54,25.1,23.5,26.2,24.64,25.4,24,25.6,23.64,25.2,24.3,26.3,23.84,25.5,25.7,25.4,24.14,25.1,26,-1.16,-1.66,-0.76,-1.56,-0.960000000000003,-1.56
"07-01 08:01","Train_A",27,25.48,25.8,21.3,25.3,24.98,25.1,25.6,25.9,24.88,25.4,20.1,25.5,25.28,25.2,25.4,26.1,25.58,25.4,21.8,25.3,24.98,25.1,20.3,-0.32,0.18,-0.519999999999999,0.0800000000000021,-0.120000000000001,-0.120000000000001
"07-01 08:03","Train_A",26.6,26.47,25.6,24.9,25.3,25.77,25.1,22.2,25.6,26.27,25.2,23.6,25.4,25.47,25.1,23.2,25.7,25.67,25.2,24.6,25.3,25.77,25.1,24.9,0.869999999999998,0.469999999999999,1.07,0.369999999999998,0.669999999999999,0.669999999999999
"07-01 08:05","Train_A",26.6,26.34,25.6,19.8,25.3,26.14,25.1,24.7,26.2,25.54,25.4,19.6,25.5,26.14,25.2,25.6,25.7,26.14,25.2,25.8,25.3,26.34,25.1,24.8,0.739999999999999,0.940000000000002,0.140000000000001,0.940000000000002,1.24,1.04
"07-01 08:07","Train_A",26.5,26.14,25.6,24.3,24.9,25.74,24.9,23,25.6,25.84,25.2,23.5,25.3,25.64,25.1,23.2,25.7,25.54,25.2,24.8,25,25.34,25,22.5,0.54,0.340000000000001,0.640000000000001,0.54,0.340000000000001,0.840000000000001
"07-01 08:09","Train_A",26.1,25.96,25.4,20.8,25.1,25.66,25,21.1,25.1,25.46,25,17.3,25.1,25.26,25,22.2,25.3,25.56,25.1,21.7,24.8,25.26,24.9,25,0.560000000000003,0.459999999999998,0.460000000000001,0.259999999999999,0.36,0.660000000000001
"07-01 08:11","Train_A",25.7,25.93,25.2,22.5,24,25.93,24.6,21,24.7,25.73,24.9,21.9,24.9,25.83,24.9,24.6,25,25.23,24.9,23.9,24.3,25.53,24.7,21.9,0.730000000000001,0.330000000000003,0.830000000000003,0.930000000000001,0.829999999999999,1.33
"07-01 08:13","Train_A",26.5,24.49,25.6,24.9,25.3,22.79,25.1,21.6,26.5,23.79,25.6,17.9,25.4,23.39,25.1,21.4,25.9,24.09,25.3,26.3,25.3,23.09,25.1,21.5,-1.11,-1.21,-1.81,-1.71,-2.01,-2.31
"07-01 08:15","Train_A",27.2,25.78,25.8,21.3,25.9,24.68,25.3,24.7,26.6,25.08,25.6,22.3,25.9,24.98,25.3,25,27.1,25.08,25.8,21.9,25.9,24.98,25.3,25,-0.0200000000000007,-0.72,-0.520000000000001,-0.320000000000001,-0.320000000000001,-0.620000000000002
"07-01 08:18","Train_A",26.2,27.14,25.4,24.6,25.3,27.04,25.1,20.7,25.6,27.24,25.2,23.5,25.5,27.04,25.2,22.4,25.7,26.54,25.2,25.8,25.4,26.74,25.1,20.7,1.74,1.34,2.04,1.84,1.64,1.94
"07-01 08:20","Train_A",27,27.43,25.8,22.1,25.3,26.43,25.1,22.2,26,26.83,25.4,19.9,25.8,26.93,25.3,22.6,26.3,27.23,25.5,21.3,25.4,27.13,25.1,23.8,1.63,1.73,1.43,1.63,2.03,1.33
"07-01 08:22","Train_A",26.6,24.8,25.6,24.9,25.3,23.8,25.1,24.8,25.7,24.1,25.2,22.7,25.6,24.3,25.2,25.1,25.8,24,25.3,25.3,25.2,24.2,25,20.2,-0.800000000000001,-1.3,-1.1,-0.899999999999999,-0.800000000000001,-1.3
"07-01 08:24","Train_A",27.2,24.84,25.8,20.6,25.8,24.84,25.3,22.5,27.2,24.74,25.8,17.1,26.1,24.14,25.4,22.2,27.5,24.94,25.9,20.7,25.9,24.24,25.3,24.5,-0.960000000000001,-0.959999999999998,-1.06,-1.26,-1.06,-0.460000000000001
"07-01 08:26","Train_A",26.9,24.09,25.7,24.5,25.9,23.59,25.3,24,26.6,23.99,25.6,22.1,26.1,24.09,25.4,25.5,26.7,23.29,25.6,22.2,25.9,24.49,25.3,21.6,-1.61,-2.31,-1.61,-1.31,-0.810000000000002,-1.71
"07-01 08:28","Train_A",26.5,26.45,25.5,22.3,25,25.85,25,25.6,25.8,26.25,25.3,20.1,25.1,25.45,25,19.8,25.7,25.25,25.2,25.3,25,25.25,25,23.4,0.950000000000001,0.0499999999999993,0.949999999999998,0.450000000000001,0.249999999999999,0.85
"07-01 08:32","Train_A",26.4,26.28,25.5,25.2,25.6,25.48,25.2,25.5,25.7,25.78,25.2,23.9,25.7,25.58,25.2,25.6,26,25.38,25.4,24.5,25.6,25.28,25.2,24,0.78,-0.0199999999999971,0.580000000000001,0.380000000000001,0.0800000000000007,0.28
"07-01 08:34","Train_A",25.6,24.98,25.2,21.8,23.6,25.28,24.4,22.3,25,24.68,25,21.3,24.1,24.68,24.6,19,24.9,24.98,24.9,26.3,23.8,25.08,24.5,20.6,-0.219999999999999,0.0800000000000021,-0.32,0.0799999999999986,0.579999999999999,0.880000000000003
"07-01 08:36","Train_A",24.8,24.92,24.9,24.2,23.2,23.22,24.3,21.2,24.1,25.02,24.6,19.2,23.5,23.62,24.4,22.9,24,24.22,24.6,20.9,23.2,23.42,24.3,21.3,0.0200000000000021,-0.38,0.419999999999997,-0.779999999999999,-0.88,-1.08
"07-01 08:38","Train_A",25.1,25.24,25,21.7,23.3,23.84,24.3,23.2,23.9,24.74,24.5,20.5,23.7,24.74,24.4,24.5,23.8,24.44,24.5,23.6,23.4,24.34,24.3,23.4,0.240000000000001,-0.0599999999999993,0.240000000000001,0.340000000000003,0.0399999999999986,-0.460000000000001
"07-01 08:40","Train_A",24.1,25.63,24.6,23.7,23,24.93,24.2,24.4,24.2,25.33,24.7,22.6,24,25.63,24.6,25.1,23.8,25.43,24.5,25.3,23.6,25.23,24.4,24.7,1.03,0.930000000000001,0.63,1.03,0.830000000000003,0.730000000000001
"07-01 08:42","Train_A",24.2,23.59,24.6,21.7,23,23.89,24.2,25,23.6,24.29,24.4,18.7,23.3,23.79,24.3,18.3,23.4,23.39,24.3,23,23,23.99,24.2,21.4,-1.01,-0.910000000000002,-0.109999999999998,-0.51,-0.209999999999999,-0.310000000000001
"07-01 08:44","Train_A",23.5,26.25,24.4,23.6,23,26.45,24.2,20.5,23,25.35,24.2,20,23,24.75,24.2,21.6,22.9,25.95,24.1,24.9,22.7,24.65,24.1,20.9,1.85,1.85,1.15,0.549999999999999,0.549999999999999,2.25
"07-01 08:46","Train_A",23.7,25.09,24.5,20.9,23,24.09,24.2,21.7,23.3,25.09,24.3,21.6,23.2,24.59,24.2,23.1,23.2,24.59,24.2,21.9,22.8,24.29,24.1,22.7,0.589999999999999,0.389999999999999,0.789999999999998,0.389999999999999,0.19,-0.110000000000001
"07-01 08:48","Train_A",23.5,24.87,24.4,22.6,22.8,24.07,24.1,23.2,22.6,24.87,24,22.7,22.7,24.67,24.1,24.2,22.6,24.27,24,23.7,22.5,24.47,24,24.1,0.470000000000003,0.27,0.870000000000001,0.569999999999997,0.469999999999999,-0.0300000000000007
"07-01 08:50","Train_A",23.5,25.28,24.4,19.6,22.9,25.18,24.1,24.2,22.6,25.88,24,19.1,22.7,25.78,24.1,24.7,22.6,25.18,24,20.9,22.5,25.48,24,24.7,0.88,1.18,1.88,1.68,1.48,1.08
"07-01 08:52","Train_A",24.5,24.63,24.8,21.9,23.6,25.13,24.4,24.9,23.4,24.23,24.3,19.9,23.5,24.33,24.4,19.6,23.6,24.43,24.4,23.8,24.3,24.13,24.7,20.2,-0.17,0.0300000000000029,-0.0700000000000021,-0.0699999999999986,-0.569999999999999,0.730000000000002
"07-01 08:54","Train_A",25.2,26.02,25.1,23.7,24.3,25.22,24.7,23.2,24.1,25.62,24.6,21.7,24.1,24.62,24.6,22.5,24.3,25.72,24.7,25.6,24.4,24.52,24.7,22.6,0.919999999999998,1.02,1.02,0.0199999999999992,-0.18,0.519999999999999
"07-01 08:56","Train_A",25.1,24.7,25,24.7,24.5,23.9,24.8,24.9,24.1,24.5,24.6,21.3,24.3,23.9,24.7,24.3,24.3,23.7,24.7,23.9,24.4,23.6,24.7,24.4,-0.299999999999999,-0.999999999999998,-0.100000000000003,-0.799999999999999,-1.1,-0.9
"07-01 08:58","Train_A",25.8,25.26,25.3,21,25,25.66,25,25.5,24.8,24.96,24.9,20.6,25,25.66,25,20.3,25,25.46,25,26,24.9,25.46,24.9,25.3,-0.0400000000000021,0.460000000000001,0.0600000000000028,0.660000000000001,0.560000000000003,0.660000000000001
"07-01 09:00","Train_A",26.5,24.89,25.6,23.6,25.4,24.69,25.1,23.6,25.4,25.19,25.1,22.9,25.5,24.29,25.2,23.6,25.6,24.59,25.2,21.6,25.4,24.49,25.1,23.2,-0.71,-0.609999999999999,0.0899999999999972,-0.909999999999999,-0.610000000000002,-0.410000000000003
"07-01 09:02","Train_A",25.9,27.73,25.3,24.8,24.9,27.13,25,25.2,24.8,27.03,24.9,20.7,25.1,27.13,25,25.1,24.9,26.83,24.9,24.6,24.8,27.03,24.9,25.2,2.43,1.93,2.13,2.13,2.13,2.13
"07-01 09:04","Train_A",25.9,24.44,25.3,22.4,25.5,24.84,25.2,23.5,24.9,24.64,24.9,23.1,25.2,24.34,25.1,21.9,25,24.64,25,26.2,25.3,24.74,25.1,21.9,-0.860000000000001,-0.360000000000001,-0.259999999999999,-0.760000000000003,-0.360000000000001,-0.360000000000001
"07-01 09:06","Train_A",25.6,24.31,25.2,24.4,24.9,23.81,24.9,24.6,24.8,23.91,24.9,21.4,24.8,23.71,24.9,24.8,24.6,23.61,24.8,24.5,24.8,23.41,24.9,24.3,-0.889999999999999,-1.19,-0.989999999999997,-1.19,-1.49,-1.09
"07-01 09:08","Train_A",26.2,26.28,25.4,21.2,25.3,25.78,25.1,25.6,25,25.88,25,18.2,25.3,25.58,25.1,21.5,25.2,25.48,25,26.2,25.2,25.48,25.1,25.6,0.880000000000001,0.479999999999999,0.880000000000001,0.479999999999999,0.379999999999998,0.679999999999999
"07-01 09:10","Train_A",26.3,24.99,25.5,23.2,25.7,24.79,25.2,23.4,25.5,24.49,25.2,21.2,25.7,24.99,25.2,24.9,25.5,24.69,25.2,24.6,25.5,24.49,25.2,24.1,-0.509999999999999,-0.509999999999999,-0.709999999999998,-0.209999999999998,-0.709999999999998,-0.410000000000001
"07-01 09:12","Train_A",25.4,25.16,25.1,24.7,25.6,24.76,25.2,25.4,24.9,24.56,24.9,23.6,25.5,25.26,25.2,25.8,24.7,24.66,24.8,26.3,25.5,24.46,25.2,25.7,0.0599999999999978,-0.140000000000001,-0.339999999999997,0.0600000000000014,-0.739999999999999,-0.439999999999999
"07-01 09:14","Train_A",25.1,25.65,25,20,25.2,25.75,25.1,22.4,24.5,25.45,24.8,17.7,25,25.15,25,21.6,24.4,24.85,24.7,22.3,24.9,25.85,24.9,22.4,0.649999999999999,0.149999999999999,0.649999999999999,0.149999999999999,0.95,0.649999999999999
"07-01 09:16","Train_A",24.7,24.71,24.8,22.9,24.8,24.41,24.9,24.6,24.1,24.51,24.6,21.6,24.5,24.21,24.8,24,23.9,24.01,24.5,24.9,24.6,23.91,24.8,23.3,-0.0900000000000007,-0.489999999999999,-0.0900000000000007,-0.590000000000001,-0.890000000000001,-0.489999999999999
"07-01 09:18","Train_A",25.5,25.99,25.2,24.4,25,25.89,25,25.6,24.5,25.39,24.8,19.6,24.8,25.59,24.9,25,24.6,25.39,24.8,26,25,25.29,24.9,25.3,0.789999999999999,0.59,0.59,0.690000000000001,0.390000000000001,0.890000000000001
"07-01 09:20","Train_A",25.5,24.65,25.2,21,25.1,24.05,25,21.9,24.7,23.85,24.8,22.5,25.1,24.55,25,20.9,24.7,24.35,24.9,20.6,25,24.45,24.9,25.8,-0.550000000000001,-0.549999999999997,-0.949999999999999,-0.449999999999999,-0.449999999999999,-0.949999999999999
"07-01 09:22","Train_A",25.3,25.53,25.1,24,24.5,25.23,24.8,24.6,24.4,25.63,24.7,18.1,24.6,25.33,24.8,24.3,24.5,24.93,24.8,24.4,24.5,25.63,24.8,19.3,0.429999999999997,0.13,0.930000000000001,0.529999999999999,0.829999999999999,0.430000000000001
"07-01 09:24","Train_A",24.6,25.98,24.8,24.8,24.6,25.68,24.8,25.4,23.9,24.98,24.5,21.8,24.4,25.78,24.7,25.3,23.9,25.28,24.5,25.9,24.1,24.38,24.6,23.3,1.18,0.780000000000001,0.48,1.08,-0.220000000000003,0.879999999999999
"07-01 09:26","Train_A",24.7,24.6,24.8,21.6,24.4,24.2,24.7,23,23.7,24.8,24.4,23.6,24.1,24.2,24.6,22.2,23.7,24.3,24.4,23.3,23.7,24.3,24.5,24.8,-0.2,-0.0999999999999986,0.400000000000001,-0.400000000000003,-0.2,-0.500000000000001
"07-01 09:28","Train_A",24.3,24.67,24.7,23.7,23.5,24.27,24.4,24.6,23,23.77,24.2,20.2,23.4,24.17,24.3,24.3,22.8,24.17,24.1,25.4,23.2,24.57,24.2,25.3,-0.0299999999999979,0.07,-0.43,-0.129999999999999,0.370000000000001,-0.129999999999999
"07-01 09:30","Train_A",23.4,24.27,24.3,20.3,22.6,23.67,24,19.7,22.4,23.97,23.9,21.9,22.5,24.67,24,19.6,22.6,23.27,24,21.6,22.3,23.37,23.9,19.5,-0.0299999999999993,-0.729999999999999,0.0700000000000021,0.67,-0.529999999999999,-0.33
"07-01 09:32","Train_A",23.5,25.01,24.4,22.5,22.7,23.91,24,22.3,22.4,24.11,23.9,19.3,22.8,24.01,24.1,21.4,22.5,24.11,24,23.5,22.5,23.91,24,22,0.610000000000001,0.110000000000001,0.210000000000003,-0.0900000000000014,-0.0900000000000014,-0.0900000000000014
"07-01 09:34","Train_A",23.2,26.31,24.3,23.1,22.5,25.31,24,23.5,22.4,26.31,23.9,21.4,22.4,25.41,23.9,22.9,22.3,25.41,23.9,24.6,22.5,25.11,24,23.3,2.01,1.51,2.41,1.51,1.11,1.31
"07-01 09:36","Train_A",23.4,26.14,24.3,21.8,22.6,25.64,24,24,22.5,25.44,24,20,22.5,26.24,24,23.8,22.3,26.44,23.9,25,22.6,25.84,24,24.2,1.84,2.54,1.44,2.24,1.84,1.64
"07-01 09:38","Train_A",23.3,25,24.3,22.8,22.5,24.6,24,24.3,22.4,24.8,23.9,21.3,22.3,25,23.9,21.3,22.4,24,23.9,22.5,22.3,24.8,23.9,24.3,0.699999999999999,0.100000000000001,0.900000000000002,1.1,0.900000000000002,0.600000000000001
"07-01 09:40","Train_A",23.4,24.2,24.3,21.3,22.4,23.6,23.9,24.3,22.3,23.5,23.9,20.3,22.3,23.5,23.9,21.9,22.3,23.5,23.9,23.6,22.5,24,24,24.5,-0.100000000000001,-0.399999999999998,-0.399999999999998,-0.399999999999998,7.21644966006352e-16,-0.3
"07-01 09:42","Train_A",23.4,24.92,24.3,22.9,22.7,24.72,24,24.5,22.4,24.72,23.9,17.5,22.2,24.12,23.9,22.9,22.4,24.42,23.9,24.8,22.5,24.22,23.9,21.9,0.620000000000001,0.520000000000003,0.82,0.220000000000002,0.32,0.719999999999999
"07-01 09:44","Train_A",24.2,23.92,24.7,21.9,23.1,23.52,24.2,21.2,23.4,23.52,24.3,20.8,23,23.82,24.2,24.1,23.6,24.02,24.4,20.6,23.1,23.52,24.2,23.5,-0.780000000000001,-0.379999999999999,-0.780000000000001,-0.379999999999999,-0.679999999999999,-0.679999999999999
"07-01 09:46","Train_A",24.1,25.48,24.6,23.4,22.8,24.38,24.1,22.9,23.2,25.18,24.2,21.8,23,25.28,24.2,21.3,23.4,24.58,24.3,23.3,22.8,25.18,24.1,24.6,0.879999999999999,0.279999999999998,0.980000000000001,1.08,1.08,0.279999999999998
"07-01 09:48","Train_A",24.1,24.76,24.6,19,22.6,24.26,24,24,22.8,24.86,24.1,22.4,22.5,24.26,24,20.1,23.1,24.36,24.2,24.6,22.5,24.86,24,25,0.159999999999999,0.159999999999999,0.759999999999997,0.260000000000001,0.859999999999999,0.260000000000001
"07-01 09:50","Train_A",23.6,25.02,24.4,21.9,22.7,25.52,24.1,24.7,22.6,25.82,24,18.1,22.3,24.72,23.9,22.6,22.6,24.92,24,23,22.1,24.42,23.8,19.6,0.620000000000001,0.920000000000001,1.82,0.82,0.620000000000001,1.42
"07-01 09:52","Train_A",23.5,23.09,24.4,22.9,22.6,22.89,24,19.6,22.5,22.29,24,19.9,22.2,22.99,23.9,20.7,22.8,22.89,24.1,24,22.3,22.09,23.9,22.1,-1.31,-1.21,-1.71,-0.91,-1.81,-1.11
"07-01 09:54","Train_A",24.7,23.81,24.8,24.2,24.1,22.91,24.6,22.4,23.7,23.01,24.4,21.3,23.6,22.91,24.4,22.4,24.3,22.61,24.7,23.6,23.8,22.91,24.5,23.3,-0.989999999999999,-2.09,-1.39,-1.49,-1.59,-1.69
"07-01 09:56","Train_A",24.9,24.53,24.9,21.9,23.9,24.23,24.5,23.8,23.4,24.43,24.3,22.2,23.7,24.23,24.5,23.7,23.7,24.23,24.4,25,23.6,24.23,24.4,24.3,-0.37,-0.169999999999997,0.13,-0.269999999999999,-0.169999999999997,-0.269999999999999
"07-01 09:58","Train_A",25.2,25.04,25.1,22.5,24.6,24.54,24.8,20.7,24.2,25.04,24.7,23,24.4,24.34,24.7,23.3,24.3,24.44,24.7,25.6,24,24.44,24.6,25.1,-0.0600000000000014,-0.260000000000001,0.340000000000001,-0.359999999999999,-0.160000000000003,-0.260000000000001
"07-01 10:00","Train_A",25,26.03,25,22.6,23.5,25.93,24.4,23.2,24.5,25.83,24.8,18.9,23.7,26.43,24.4,21.5,24.4,26.63,24.7,26.4,23.3,26.13,24.3,22.3,1.03,1.93,1.03,2.03,1.83,1.53
"07-01 10:02","Train_A",24.6,25.2,24.8,22.7,23.6,25.3,24.4,24.3,24.1,24.9,24.6,21.6,23.9,24.3,24.5,22,23.9,23.8,24.5,22,23.6,24.5,24.4,22,0.399999999999999,-0.699999999999999,0.299999999999997,-0.199999999999999,0.100000000000001,0.900000000000002
"07-01 10:04","Train_A",25.4,24.38,25.1,22.4,25,24.08,25,21.5,24.5,24.68,24.8,21.6,24.5,24.38,24.8,23.6,24.6,24.08,24.8,24,24.6,24.58,24.8,23.9,-0.720000000000003,-0.719999999999999,-0.120000000000001,-0.420000000000002,-0.219999999999999,-0.919999999999999
"07-01 10:06","Train_A",25.6,25.76,25.2,24,25,25.76,25,23.6,25.4,25.46,25.1,20.6,24.6,25.36,24.8,20.4,25,25.76,24.9,25.4,24.7,26.26,24.8,25.4,0.560000000000001,0.860000000000002,0.359999999999999,0.559999999999998,1.46,0.760000000000001
"07-01 10:08","Train_A",25.9,25.77,25.3,20.5,24.9,24.87,24.9,22.5,25,26.07,25,19.2,24.8,24.97,24.9,23.6,25.4,25.27,25.1,22.6,24.6,24.67,24.8,21.5,0.469999999999999,0.169999999999999,1.07,0.0700000000000007,-0.130000000000002,-0.0299999999999972
"07-01 10:10","Train_A",25.7,26.28,25.2,22.1,24.9,26.08,24.9,21.1,25.1,26.28,25,20.7,25,26.28,25,20.3,25.4,26.08,25.1,25,24.9,26.38,24.9,23.4,1.08,0.98,1.28,1.28,1.48,1.18
"07-01 10:12","Train_A",25.7,25.94,25.2,23.6,24.6,25.24,24.8,23.8,25.4,26.54,25.1,17.3,24.8,25.64,24.9,23.7,25.3,26.24,25.1,24.7,24.7,25.44,24.8,21.9,0.740000000000001,1.14,1.44,0.740000000000001,0.64,0.440000000000001
"07-01 10:14","Train_A",26.4,25.4,25.5,22.1,25.2,24.9,25.1,25,25.8,25.5,25.3,21.9,25.3,24.8,25.1,20.4,25.8,25,25.3,23.6,25.1,24.8,25,23.4,-0.0999999999999993,-0.300000000000002,0.199999999999998,-0.300000000000002,-0.200000000000001,-0.200000000000001
"07-01 10:16","Train_A",26,26.15,25.4,22.4,24.9,24.95,25,23,25.3,25.95,25.1,18.5,25,25.45,25,23.6,25.1,25.85,25,25.4,24.9,24.95,24.9,22,0.750000000000002,0.85,0.85,0.450000000000001,0.0500000000000028,-0.0499999999999986
"07-01 10:18","Train_A",26.3,26.31,25.5,22.2,24.6,26.11,24.8,24.5,25.2,26.81,25,21.6,24.6,26.51,24.8,24.8,26,26.41,25.4,22.3,24.6,25.91,24.8,23.4,0.81,1.01,1.81,1.71,1.11,1.31
"07-01 10:20","Train_A",26.1,25.19,25.4,23.6,25.4,24.89,25.1,22.5,25.4,24.69,25.1,21.9,25.1,24.79,25,23.9,25.6,24.69,25.2,24.4,25.2,24.89,25.1,24.4,-0.209999999999998,-0.509999999999999,-0.410000000000001,-0.210000000000001,-0.210000000000001,-0.210000000000001
"07-01 10:22","Train_A",25.7,25.73,25.2,22.9,24.2,24.73,24.6,24.3,25,25.23,25,22.6,24.7,25.53,24.8,25.2,25.1,25.23,25,25.6,24.2,24.93,24.7,22.5,0.530000000000002,0.230000000000001,0.230000000000001,0.729999999999998,0.230000000000001,0.13
"07-01 10:24","Train_A",25.6,25.91,25.2,22.4,24.6,25.71,24.8,21.9,25.2,26.21,25,21.1,25.1,25.61,25,22.6,25.1,25.81,25,21.8,24.5,25.11,24.8,22,0.710000000000002,0.81,1.21,0.610000000000001,0.31,0.909999999999998
"07-01 10:26","Train_A",25.9,25.09,25.3,23.5,25.3,24.49,25.1,23.9,25.2,24.99,25.1,22.5,25.3,24.59,25.1,23.8,25.2,24.39,25.1,24.3,25.2,24.19,25.1,23.5,-0.210000000000001,-0.710000000000001,-0.110000000000003,-0.510000000000001,-0.91,-0.610000000000003
"07-01 10:28","Train_A",25.7,25.35,25.2,24.4,25.4,24.75,25.1,25.2,25.1,25.15,25,23,25.5,24.85,25.2,24.7,25.1,24.85,25,25.6,25.3,24.45,25.1,24.5,0.150000000000001,-0.149999999999999,0.150000000000001,-0.349999999999999,-0.650000000000003,-0.350000000000002
"07-01 10:30","Train_A",26.3,25.41,25.5,22.6,25.6,25.41,25.2,25.8,25.3,25.21,25.1,22.3,25.3,25.71,25.1,25.6,25.3,25.51,25.1,26.4,25.4,25.21,25.1,25.4,-0.0900000000000007,0.409999999999999,0.109999999999999,0.609999999999999,0.109999999999999,0.21
"07-01 10:32","Train_A",24.6,25.71,24.8,22.1,25.4,26.01,25.1,22.6,24.1,25.81,24.6,19.5,24.8,25.81,24.9,20.9,23.8,25.31,24.5,19.7,25.4,25.51,25.1,21.2,0.91,0.809999999999998,1.21,0.91,0.41,0.91
"07-01 10:34","Train_A",26,24.57,25.4,22.5,25.6,24.37,25.2,23.3,25.3,24.47,25.1,21.6,25.3,24.67,25.1,23.8,25.4,24.07,25.1,23.7,25.5,24.37,25.2,23.6,-0.829999999999998,-1.03,-0.630000000000002,-0.430000000000003,-0.829999999999998,-0.829999999999998
"07-01 10:36","Train_A",25.6,25.28,25.2,24,25.4,24.98,25.1,24.8,25.1,25.38,25,22.9,25.1,25.28,25,25.3,25,24.88,25,25.2,25.3,24.98,25.1,25.1,0.0799999999999993,-0.12,0.38,0.279999999999999,-0.12,-0.12
"07-01 10:38","Train_A",26.2,26.46,25.5,21.6,25.4,26.56,25.1,24.1,25.3,26.06,25.1,21,25.6,26.46,25.2,21.5,25.3,26.56,25.1,26.4,25.3,26.46,25.1,20.3,0.959999999999999,1.46,0.959999999999999,1.26,1.36,1.46
"07-01 10:40","Train_A",27.2,25.85,25.9,23.9,25.9,24.85,25.3,23.7,25.9,25.55,25.3,21.2,26.1,25.15,25.4,24.3,26.3,24.75,25.5,24.1,25.7,24.75,25.3,23.8,-0.0499999999999986,-0.750000000000001,0.249999999999999,-0.249999999999998,-0.550000000000002,-0.450000000000001
"07-01 10:42","Train_A",26.2,25.13,25.4,20.3,25.4,24.73,25.1,25.3,25.5,24.63,25.2,22,25.5,25.23,25.2,25.7,25.6,24.73,25.2,26,25.2,24.73,25,25.3,-0.269999999999999,-0.469999999999999,-0.57,0.0300000000000015,-0.269999999999999,-0.370000000000001
"07-01 10:44","Train_A",26,26.79,25.4,23.2,25.8,26.59,25.3,22.6,25.4,26.89,25.1,19.7,25.5,26.59,25.2,22.7,25.4,26.89,25.1,22.5,25.7,26.49,25.2,23.2,1.39,1.79,1.79,1.39,1.29,1.29
"07-01 10:48","Train_A",25.6,26.31,25.2,19.3,25.3,26.51,25.1,25.1,25,26.91,25,21.7,25.3,26.41,25.1,21.2,25.3,26.51,25.1,24.4,25.4,26.61,25.1,21.8,1.11,1.41,1.91,1.31,1.51,1.41
"07-01 10:50","Train_A",26.5,25.42,25.6,22.8,25.8,25.42,25.3,23.3,25.5,25.42,25.2,21.6,25.9,25.52,25.3,23.9,25.6,25.12,25.2,24.6,26.1,25.42,25.4,23,-0.180000000000003,-0.0799999999999979,0.219999999999999,0.219999999999999,0.02,0.119999999999998
"07-01 10:52","Train_A",26.1,26,25.4,24.2,25.9,26,25.3,25.3,25.5,26.1,25.2,22.9,25.9,26.2,25.3,25.4,25.5,25.9,25.2,26.3,26,25.7,25.4,24.6,0.600000000000002,0.7,0.899999999999999,0.899999999999999,0.300000000000001,0.7
"07-01 10:54","Train_A",25,25.15,25,19.4,25.3,25.35,25.1,25.6,24.7,25.35,24.8,19.1,25.3,24.85,25.1,22.9,24.6,24.65,24.8,22.3,25.2,25.25,25.1,25.8,0.149999999999999,-0.150000000000002,0.550000000000001,-0.25,0.149999999999999,0.25
"07-01 10:56","Train_A",24.8,24.27,24.9,22.3,25.2,24.27,25,23.3,24.3,24.57,24.7,21.8,24.9,24.67,24.9,24.6,24.1,24.17,24.6,24.3,24.9,23.87,24.9,22.2,-0.629999999999997,-0.430000000000001,-0.130000000000001,-0.229999999999999,-1.03,-0.729999999999999
"07-01 10:58","Train_A",25.3,24.91,25.1,23.4,25.2,25.01,25.1,24.8,24.6,25.21,24.8,22.8,25,25.51,25,24.1,24.6,24.91,24.8,25.7,24.9,24.41,24.9,23.8,-0.190000000000001,0.11,0.410000000000001,0.509999999999999,-0.489999999999998,-0.0900000000000028
"07-01 11:00","Train_A",24.9,24.12,24.9,23.6,25,24.22,25,25.6,24.3,23.62,24.7,21.5,24.8,23.62,24.9,23.5,24.3,24.12,24.7,24,24.4,23.62,24.7,24.9,-0.779999999999998,-0.579999999999999,-1.08,-1.28,-1.08,-0.780000000000001
"07-01 11:02","Train_A",24.7,23.7,24.9,22.3,24.6,23.7,24.8,22.8,24,23.9,24.6,22.7,24.4,24.1,24.7,24.9,24,23,24.6,23.5,24.5,24.3,24.7,21.7,-1.2,-1.6,-0.700000000000001,-0.599999999999999,-0.4,-1.1
"07-01 11:04","Train_A",25.1,25.69,25,23.8,24.5,24.99,24.8,24.3,25,25.99,25,22.3,25,24.79,24.9,22.7,25,25.29,25,25.2,24.6,24.69,24.8,23.2,0.690000000000001,0.289999999999999,0.990000000000001,-0.11,-0.11,0.190000000000001
"07-01 11:06","Train_A",24.9,25.32,24.9,22.3,24.9,25.62,24.9,25.3,25.1,25.82,25,22.9,24.7,25.02,24.8,24.5,24.7,25.62,24.9,26.1,24.9,25.52,24.9,24.8,0.420000000000001,0.720000000000001,0.819999999999999,0.219999999999998,0.62,0.720000000000001
"07-01 11:08","Train_A",25.4,25.07,25.1,24.4,24.1,24.07,24.6,22.3,25.1,24.67,25,21.4,24.4,24.77,24.7,25.2,24.7,24.77,24.8,26.3,24.3,24.87,24.7,25.5,-0.0300000000000007,-0.0300000000000007,-0.330000000000001,0.0700000000000007,0.170000000000002,-0.530000000000001
"07-01 11:10","Train_A",25.6,24.71,25.2,22.4,23.9,24.51,24.5,24.3,24.5,24.91,24.8,22.9,24,24.81,24.6,19.4,25.2,24.51,25.1,22.4,23.8,24.31,24.5,21.6,-0.49,-0.590000000000001,0.109999999999998,0.209999999999999,-0.189999999999999,0.01
"07-01 11:12","Train_A",25.3,25.22,25.1,23.9,24.3,25.32,24.7,23,24.5,25.42,24.7,19.6,24.3,24.42,24.7,22.9,24.6,24.62,24.8,24.3,23.9,24.62,24.5,23.3,0.119999999999997,-0.18,0.720000000000002,-0.279999999999998,0.120000000000001,0.620000000000001
"07-01 11:14","Train_A",25.5,25.93,25.2,22.1,24.5,25.03,24.8,23.3,24.6,25.23,24.8,22.3,24.4,25.23,24.7,24.2,25,25.33,25,25.6,24.3,25.33,24.7,24.8,0.730000000000001,0.329999999999999,0.430000000000001,0.530000000000002,0.63,0.229999999999998
"07-01 11:16","Train_A",25.4,25.15,25.1,23.3,24.4,25.55,24.7,25.2,24.6,25.65,24.8,23.6,24.6,25.65,24.8,25.3,24.7,25.55,24.8,26.3,24.3,25.65,24.7,25.1,0.0499999999999993,0.749999999999999,0.85,0.85,0.950000000000001,0.85
"07-01 11:18","Train_A",25.3,26.04,25.1,24,23.7,25.44,24.4,20.6,25.3,25.34,25.1,21.6,24.6,25.84,24.8,22.9,24.8,25.34,24.9,23.5,24.5,25.64,24.8,22.9,0.939999999999999,0.440000000000003,0.24,1.04,0.839999999999998,1.04
"07-01 11:20","Train_A",25.5,25.82,25.2,23,24,25.52,24.6,23.2,24.8,26.12,24.9,22.9,24.2,25.92,24.7,24.5,24.6,25.72,24.8,25.3,24,25.92,24.6,24.6,0.619999999999999,0.92,1.22,1.22,1.32,0.92
"07-01 11:22","Train_A",26,25.43,25.4,24.6,24.9,24.83,24.9,24.6,25.4,25.23,25.1,22.3,24.9,24.73,24.9,23.6,25.3,25.43,25.1,26.4,24.8,24.53,24.9,23.4,0.0300000000000014,0.329999999999999,0.129999999999999,-0.169999999999998,-0.369999999999997,-0.07
"07-01 11:24","Train_A",26.1,25.23,25.4,22,25.1,25.13,25,25.6,25.6,25.33,25.2,19.4,25.2,25.23,25,25.5,25.9,24.63,25.4,24.9,25.1,25.03,25,25.4,-0.169999999999999,-0.77,0.130000000000002,0.23,0.0300000000000007,0.129999999999999
"07-01 11:26","Train_A",25.7,26.94,25.3,24,24.4,26.04,24.7,22.2,25.3,27.34,25.1,21.5,24.9,26.54,24.9,22.3,25.3,26.84,25.1,26.5,24.4,26.64,24.7,21.6,1.64,1.74,2.24,1.64,1.94,1.34
"07-01 11:28","Train_A",26.4,25.47,25.5,21.9,25.1,24.87,25,24.2,25.5,25.27,25.2,21.5,25.1,25.47,25,24.5,25.6,25.57,25.2,22.9,25.1,25.07,25,24,-0.0299999999999993,0.369999999999999,0.0700000000000021,0.470000000000001,0.0699999999999986,-0.130000000000001
"07-01 11:30","Train_A",26,24.7,25.4,23.9,25,24.5,25,25.5,25.3,24.8,25.1,23,25.2,24.7,25,20.1,25.4,24.6,25.1,25.5,24.9,24.6,24.9,25.5,-0.7,-0.500000000000001,-0.300000000000001,-0.300000000000001,-0.299999999999998,-0.500000000000001
"07-01 11:32","Train_A",26.7,26.38,25.6,21.6,25.5,25.08,25.2,23.4,26.4,25.38,25.6,21.3,25.6,25.08,25.2,23.6,26,25.68,25.4,26.4,25.4,24.88,25.1,22,0.78,0.28,-0.22,-0.119999999999999,-0.22,-0.119999999999999
"07-01 11:34","Train_A",26.1,25.24,25.4,21.8,25.1,25.64,25,25.2,25.4,25.84,25.1,22.9,25.1,25.84,25,23,25.1,25.34,25,23.5,25,25.24,25,24.2,-0.16,0.34,0.739999999999999,0.84,0.239999999999999,0.640000000000001
"07-01 11:36","Train_A",26.3,25.75,25.5,23.5,25.2,24.75,25.1,21.9,25.7,25.25,25.2,21,25.3,24.65,25.1,23,25.6,25.15,25.2,25.5,25.1,25.25,25,21.9,0.250000000000001,-0.0499999999999993,0.0500000000000021,-0.450000000000001,0.250000000000001,-0.35
"07-01 11:38","Train_A",26.4,25.35,25.5,24.6,25.6,24.25,25.2,23.9,25.9,24.95,25.3,22.9,25.5,24.55,25.2,24.7,25.9,25.15,25.3,26.6,25.5,24.45,25.2,24.5,-0.150000000000001,-0.150000000000001,-0.35,-0.650000000000001,-0.749999999999999,-0.949999999999998
"07-01 11:40","Train_A",25.9,23.28,25.4,22,24.2,23.38,24.7,25,25.4,23.98,25.1,21.1,24.5,23.78,24.8,23,25.7,22.98,25.2,23.5,24.2,23.58,24.7,25.5,-2.12,-2.22,-1.12,-1.02,-1.12,-1.32
"07-01 11:42","Train_A",25.9,23.29,25.3,23.8,25,22.49,25,22,25.9,22.99,25.3,21.5,25.1,22.29,25,22.2,25.4,23.09,25.1,25.3,25,22.29,25,21.6,-2.01,-2.01,-2.31,-2.71,-2.71,-2.51
"07-01 11:44","Train_A",26.3,25.53,25.5,24.9,25.8,24.43,25.3,23.7,25.7,24.93,25.2,22.6,25.6,24.43,25.2,23.6,25.6,25.43,25.2,26.3,25.8,24.33,25.3,23.2,0.0299999999999986,0.230000000000001,-0.269999999999999,-0.769999999999999,-0.970000000000001,-0.87
"07-01 11:46","Train_A",26.3,24.78,25.5,23,26,24.08,25.3,24.9,25.7,24.68,25.2,23.5,25.9,24.08,25.3,24.7,25.6,24.98,25.2,22.4,26,23.88,25.4,24.6,-0.720000000000001,-0.219999999999998,-0.519999999999999,-1.22,-1.52,-1.22
"07-01 11:49","Train_A",25.6,24.25,25.2,24.7,25.4,24.05,25.1,25.6,25.1,24.45,25,23.9,25.4,24.05,25.1,25.6,24.9,23.65,25,24.9,25.3,23.85,25.1,25.5,-0.949999999999999,-1.35,-0.550000000000001,-1.05,-1.25,-1.05
"07-01 11:51","Train_A",26,24.67,25.4,21.5,25.2,24.87,25.1,21.7,25.4,24.87,25.1,20.9,25.3,24.57,25.1,22.9,25.3,24.87,25.1,26.3,25.2,25.07,25.1,24.6,-0.729999999999997,-0.230000000000001,-0.230000000000001,-0.530000000000001,-0.0300000000000014,-0.230000000000001
"07-01 11:53","Train_A",25.9,24.74,25.4,23.3,25.5,24.14,25.2,24.1,25.4,25.04,25.1,22.6,25.6,24.54,25.2,24.8,25.3,24.94,25.1,24.6,25.5,24.04,25.2,23.5,-0.659999999999998,-0.160000000000001,-0.0600000000000001,-0.659999999999998,-1.16,-1.06
"07-01 11:55","Train_A",25.6,25.35,25.2,24.7,25.4,25.25,25.1,25.6,25.1,25.15,25,21.9,25.5,25.65,25.2,25.1,24.9,24.55,24.9,24.5,25.3,24.85,25.1,25.2,0.150000000000002,-0.349999999999998,0.149999999999999,0.449999999999999,-0.25,0.149999999999999
"07-01 11:57","Train_A",26.3,26.9,25.5,21.9,25.8,26.6,25.3,22.9,25.5,27,25.2,21.7,26.1,26.6,25.4,22.9,25.6,26.8,25.2,26.3,25.7,26.9,25.3,22.5,1.4,1.6,1.8,1.2,1.6,1.3
"07-01 11:59","Train_A",26.4,24.26,25.6,23.8,25.7,24.06,25.2,24.9,25.7,24.46,25.2,19.8,25.9,24.26,25.4,24.8,25.6,24.36,25.2,22.9,25.7,23.96,25.2,25,-1.34,-0.839999999999998,-0.74,-1.14,-1.24,-1.14
"07-01 12:01","Train_A",26.3,25.06,25.5,20.6,25.6,24.86,25.2,23.2,25.5,24.56,25.2,22.2,25.7,24.76,25.3,21.1,25.5,24.46,25.2,25.3,25.6,24.86,25.2,24.5,-0.439999999999999,-0.74,-0.639999999999999,-0.540000000000001,-0.339999999999998,-0.339999999999998
"07-01 12:03","Train_A",26,25.67,25.4,23.3,25.7,25.47,25.2,24.5,25.6,25.87,25.2,21,25.9,25.57,25.3,24,25.3,25.97,25.1,21.8,25.7,25.37,25.2,24.1,0.27,0.869999999999998,0.670000000000002,0.27,0.170000000000002,0.27
"07-01 12:05","Train_A",25.8,24.68,25.3,20.3,25.5,24.98,25.2,25.9,25.1,24.68,25,21.2,25.5,24.88,25.2,24.9,25.2,24.18,25.1,24.2,25.5,24.68,25.2,23.7,-0.620000000000001,-0.920000000000001,-0.32,-0.32,-0.519999999999999,-0.219999999999999
"07-01 12:07","Train_A",26.8,25.66,25.7,23.4,26,25.86,25.4,21.6,25.6,25.96,25.2,19.3,26.5,25.56,25.6,22.7,25.9,25.66,25.3,26,26.1,25.86,25.4,24.3,-0.0399999999999978,0.360000000000001,0.759999999999999,-0.0400000000000014,0.460000000000002,0.460000000000002
"07-01 12:09","Train_A",25.9,25.64,25.3,25,26,25.34,25.3,24.4,25.7,25.44,25.2,22.5,26.1,25.24,25.4,24.6,25.3,25.54,25.1,24.4,26,25.64,25.4,26,0.339999999999999,0.44,0.240000000000001,-0.159999999999998,0.240000000000001,0.0399999999999979
"07-01 12:11","Train_A",24.9,25.76,24.9,20.7,25.6,26.56,25.2,20.7,24.7,25.86,24.8,18.1,25.5,26.36,25.2,21.9,24.5,25.36,24.8,23.2,25.4,25.66,25.1,22.3,0.860000000000001,0.560000000000001,1.06,1.16,0.559999999999997,1.36
"07-01 12:13","Train_A",25,23.77,25,22.7,25.3,23.77,25.1,23.4,24.5,24.27,24.8,21.6,25.1,23.67,25,23.5,24.5,23.77,24.7,24.8,25,23.87,25,24.1,-1.23,-0.930000000000001,-0.530000000000002,-1.33,-1.13,-1.33
"07-01 12:15","Train_A",26.1,25.09,25.4,24.2,25.8,25.09,25.3,25,25.5,24.39,25.2,21.3,25.7,25.09,25.3,25.2,25.4,25.09,25.1,26.3,25.5,25.29,25.2,25.5,-0.309999999999998,-0.0100000000000007,-0.809999999999998,-0.21,0.0900000000000007,-0.21
"07-01 12:17","Train_A",26.9,27.23,25.7,25.3,26.6,26.93,25.6,22.6,26.6,26.63,25.6,23,26.5,26.53,25.6,23,26.5,26.43,25.5,23.8,26.6,26.33,25.6,23.4,1.53,0.929999999999999,1.03,0.929999999999999,0.729999999999999,1.33
"08-01 13:31","Train_B",34,28.55,28.6,17.1,33.7,28.39,28.4,15.5,37.2,29.69,29.9,13.3,33,28.25,28.2,14.5,36.1,29.23,29.4,14.4,33.5,28.76,28.4,12.2,-0.05,-0.17,-0.21,0.05,0.36,-0.01
"08-01 13:33","Train_B",33,28.65,28.2,22.8,32.5,29.8,28,15,35.7,29.97,29.2,15.8,32.4,28.79,27.9,16.1,35,30.01,28.9,16.8,32.9,29.62,28.1,15.6,0.45,1.11,0.77,0.89,1.52,1.8
"08-01 13:35","Train_B",33.7,29.02,28.5,20.2,32.7,28.48,28.1,20.2,35.3,28.97,29.1,18.6,32.6,28.81,28,17.6,35.2,29.65,29,18.3,32.9,28.11,28.2,18.9,0.52,0.65,-0.13,0.81,-0.09,0.38
"08-01 13:37","Train_B",33.3,27.81,28.3,19.5,32.6,26.72,28,18,35.1,27.77,29,22.6,33.2,27.68,28.3,21.7,34.7,27.99,28.8,22.4,33.2,27.88,28.3,18.9,-0.49,-0.81,-1.23,-0.62,-0.42,-1.28
"08-01 13:39","Train_B",33,28.14,28.2,22.7,32.4,28.09,27.9,17.7,34.3,29.27,28.7,21,33.2,28.78,28.3,17.7,33.6,28.84,28.4,19,33,28.37,28.2,18.9,-0.06,0.44,0.57,0.48,0.17,0.19
"08-01 13:41","Train_B",31.9,28.92,27.7,17.6,32,29.06,27.8,21.7,34.5,29.55,28.8,20.2,32.6,29.22,28,17.6,33.1,30.06,28.2,18.5,32.6,29.38,28,22.7,1.22,1.86,0.75,1.22,1.38,1.26
"08-01 13:43","Train_B",32.7,28.64,28,20.6,32,28.99,27.8,16.4,34.1,29.73,28.6,21.3,32.9,28.9,28.1,17.7,33.8,29.63,28.5,19.7,33.1,29.16,28.2,18.2,0.64,1.13,1.13,0.8,0.96,1.19
"08-01 13:45","Train_B",31.7,28.61,27.7,23,31.8,29.35,27.7,21.4,33.5,30.17,28.4,19.4,32.4,28.68,27.9,17.7,34.3,29.92,28.7,21,32.4,28.98,27.9,17.7,0.91,1.22,1.77,0.78,1.08,1.65
"08-01 13:47","Train_B",31.6,28.29,27.6,21.1,31.5,28.64,27.6,22.9,34,29.68,28.6,20.1,32.4,28.78,27.9,17.3,32.9,28.83,28.1,20,32,29.27,27.8,17.4,0.69,0.73,1.08,0.88,1.47,1.04
"08-01 13:49","Train_B",32.3,28.97,27.9,22.6,31.6,27.93,27.6,18.6,33.3,28.28,28.3,23.5,32.5,29.16,28,17.2,32.9,28.37,28.1,19,32.3,28.46,27.9,22,1.07,0.27,-0.02,1.16,0.56,0.33
"08-01 13:51","Train_B",32.5,28.55,28,23.3,32.1,27.62,27.8,22.3,33.3,28.08,28.3,19.4,32.7,27.89,28,19.5,32.9,28.29,28.1,21.7,32.3,28.24,27.9,18.7,0.55,0.19,-0.22,-0.11,0.34,-0.18
"08-01 13:53","Train_B",32.4,27.68,27.9,20.5,31.7,27.36,27.6,19.1,33.1,28.44,28.2,23.2,32.3,28.36,27.9,20.3,34.1,29.71,28.6,23.2,32.1,28.34,27.8,22.1,-0.22,1.11,0.24,0.46,0.54,-0.24
"08-01 13:55","Train_B",32.6,27.65,28,24.2,31.7,27.9,27.7,22.7,34.2,28.32,28.6,23.8,34.2,29.67,28.6,19.8,33.6,28.75,28.4,21,32.1,28.79,27.8,18.1,-0.35,0.35,-0.28,1.07,0.99,0.2
"08-01 13:57","Train_B",31.5,27.14,27.6,20.1,30.8,27.46,27.3,18.6,33.1,28.72,28.2,20.7,31.7,28.08,27.6,19.3,32.3,27.84,27.9,19.1,31.4,27.95,27.5,22.5,-0.46,-0.06,0.52,0.48,0.45,0.16
"08-01 13:59","Train_B",31,27.02,27.4,24.3,30.8,26.63,27.3,23.5,32.1,27.19,27.8,22.6,31.5,27.33,27.6,19.3,32,27.44,27.8,19.9,31.3,26.69,27.5,18.9,-0.38,-0.36,-0.61,-0.27,-0.81,-0.67
"08-01 14:01","Train_B",30.9,27.84,27.3,18.7,30.2,27.65,27,18.7,32.3,28.74,27.9,22.3,31.6,28.37,27.6,19.3,31.8,28.77,27.7,21,31,27.82,27.4,18.9,0.54,1.07,0.84,0.77,0.42,0.65
"08-01 14:03","Train_B",30.4,27.11,27.1,23.4,30.6,27.78,27.2,22.7,31.9,27.74,27.7,20.3,31.4,28.28,27.5,22,31.3,27.45,27.5,18.4,31.1,27.76,27.4,21.6,0.01,-0.05,0.04,0.78,0.36,0.58
"08-01 14:05","Train_B",31.7,28.34,27.7,22.8,31.2,28.46,27.4,22,32.8,29.12,28.1,22.5,32.5,28.78,27.9,18.3,32.5,29.34,28,21.1,32.2,28.86,27.8,18,0.64,1.34,1.02,0.88,1.06,1.06
"08-01 14:07","Train_B",31.4,26.94,27.5,23.7,32.3,27.27,27.9,23,32.7,27.2,28,23.3,33.7,28.31,28.5,23.2,32.4,27.55,27.9,23.5,32.9,27.67,28.1,25.5,-0.56,-0.35,-0.8,-0.19,-0.43,-0.63
"08-01 14:15","Train_B",31.2,28.22,27.5,18.1,31.1,28.18,27.4,22.8,32.4,28.45,27.9,21.2,35.6,29.19,29.2,20.7,32,28.22,27.8,19,32.4,28.43,28,18.5,0.72,0.42,0.55,-0.01,0.43,0.78
"08-01 14:17","Train_B",30.7,27.49,27.2,23.5,30.7,27.65,27.3,23.5,31.9,27.47,27.7,23.8,32.7,28.59,28.1,23.6,31.4,27.78,27.5,19.4,31.7,28.6,27.7,21.3,0.29,0.28,-0.23,0.49,0.9,0.35
"08-01 14:19","Train_B",30.3,27.51,27.1,19.8,29.6,27.76,26.8,20.9,31.3,28,27.5,21.4,32.4,29.23,27.9,21.2,31.1,27.82,27.4,21.6,31.2,28.2,27.4,23.5,0.41,0.42,0.5,1.33,0.8,0.96
"08-01 14:21","Train_B",30.5,26.19,27.2,23.7,30.8,27.52,27.3,24,31.3,27.37,27.5,20.4,32.1,27.58,27.8,23.9,31.3,27.27,27.5,19,31.3,27.24,27.5,18.1,-1.01,-0.23,-0.13,-0.22,-0.26,0.22
"08-01 14:23","Train_B",31.2,27.05,27.4,21.6,31,27.78,27.7,18.9,32.3,27.98,27.9,18.7,34.7,28.46,28.9,20.6,32,26.97,27.7,18.8,31.7,27.72,27.9,17.6,-0.35,-0.73,0.08,-0.44,-0.18,0.08
"08-01 14:25","Train_B",30.7,25.28,27.4,21.8,30.6,26.06,27.7,19.7,31.5,25.43,27.9,19.2,33.2,26.9,28.9,20.6,31.5,25.84,27.7,19.1,31.3,25.59,27.9,18.7,-2.12,-1.86,-2.47,-2,-2.31,-1.64
"08-01 14:27","Train_B",30.8,26.86,27.4,21.7,30.8,27.11,27.7,19.9,31.6,26.38,27.9,19.5,33.2,27.43,28.9,20.9,31.6,26.5,27.7,19.2,31.4,26.9,27.9,18.7,-0.54,-1.2,-1.52,-1.47,-1,-0.59
"08-01 14:31","Train_B",31.9,28.02,27.7,22.6,31.7,27.7,27.6,23.1,32.6,28.12,28,22.6,34.1,28.49,28.6,23.2,32.3,28.05,27.9,21.6,33.1,28.58,28.2,23.3,0.32,0.15,0.12,-0.11,0.38,0.1
"08-01 14:33","Train_B",31.7,28.62,27.6,23.9,31.4,28.3,27.5,19.4,32.2,28.02,27.9,20.4,33.7,28.9,28.4,23,32.2,28.39,27.9,19.9,32.2,28.71,27.8,17.7,1.02,0.49,0.12,0.5,0.91,0.8
"08-01 14:35","Train_B",31.2,26.53,27.4,22.1,31.9,26.33,27.7,20.9,32,26.79,27.7,21.4,33.1,26.8,28.2,21.3,31.7,26.84,27.6,22.6,32,26.45,27.8,21.8,-0.87,-0.76,-0.91,-1.4,-1.35,-1.37
"08-01 14:39","Train_B",31.3,28.07,27.5,23.9,31.8,28.73,27.7,22.5,32.4,28.55,27.9,23.3,34.4,29.59,28.7,22.9,31.9,27.85,27.7,21.3,32.5,28.62,28,20.6,0.57,0.15,0.65,0.89,0.62,1.03
"08-01 14:41","Train_B",31.4,26.79,27.5,18.9,31.2,26.44,27.5,22.2,32.3,26.55,27.9,20.1,33.4,27.69,28.3,22.3,31.9,25.78,27.7,18.8,31.7,26.65,27.7,19.8,-0.71,-1.92,-1.35,-0.61,-1.05,-1.06
"08-01 14:43","Train_B",31.5,28.23,27.6,23.4,31.6,28.14,27.6,24,32.3,28.1,27.9,23.9,33,28.81,28.2,24,32,28.41,27.7,22.3,32.5,28.55,28,19.4,0.63,0.71,0.2,0.61,0.55,0.54
"08-01 14:45","Train_B",31.6,26.1,27.6,20.7,30.2,25.96,27.1,19.2,32.2,26.04,27.9,20.3,35,27.2,29,22.6,31.9,26.25,27.7,19,31.1,26.45,27.4,18.6,-1.5,-1.45,-1.86,-1.8,-0.95,-1.14
"08-01 14:47","Train_B",31.3,27.58,27.5,24.1,31,28.2,27.4,23.7,32.3,28.75,27.9,21.9,33.3,28.98,28.3,23.4,31.9,27.61,27.7,21,31.7,28.18,27.7,25.2,0.08,-0.09,0.85,0.68,0.48,0.8
"08-01 14:49","Train_B",30.7,25.69,27.2,22.1,30.1,25.95,27,24.1,31.6,26.28,27.6,22.8,32.7,26.71,28,20.6,31.3,26.25,27.5,21.9,30.6,25.63,27.2,21.1,-1.51,-1.25,-1.32,-1.29,-1.57,-1.05
"08-01 14:51","Train_B",30.4,27.17,27.1,18.9,29.1,27.13,26.6,18.4,31.6,28.43,27.6,21.2,32.5,28.03,28,21.4,31.1,27.55,27.4,19.5,30.5,27.79,27.2,19,0.07,0.15,0.83,0.03,0.59,0.53
"08-01 14:54","Train_B",30.9,27.39,27.3,19.7,31.3,27.03,27.5,21.4,31.8,26.78,27.7,22,33.2,27.05,28.2,24.2,31.6,26.77,27.6,20.1,32.6,27.39,28,25.3,0.09,-0.83,-0.92,-1.15,-0.61,-0.47
"08-01 14:56","Train_B",31.4,26.8,27.5,23.9,31.7,26.69,27.6,24.3,32.3,27.44,27.9,23.6,32.2,27.62,27.8,21.3,31.8,27.19,27.7,24.1,32.1,27.42,27.8,25.1,-0.7,-0.51,-0.46,-0.18,-0.38,-0.91
"08-01 14:58","Train_B",31,27.66,27.4,23.2,32.6,28.8,28,21.7,31.9,28.41,27.7,23.3,33.3,28.96,28.3,25,31.8,28.35,27.7,21.9,33.1,28.81,28.2,19.1,0.26,0.65,0.71,0.66,0.61,0.8
"08-01 15:00","Train_B",30.9,28.55,27.4,22.6,31,28.34,27.4,23.8,31.7,29.4,27.6,22.5,32,29.11,27.8,19.2,31.9,28.65,27.8,22.6,31.5,28.58,27.6,23.6,1.15,0.85,1.8,1.31,0.98,0.94
"08-01 15:02","Train_B",30.5,28.35,27.2,24.6,30.9,28.16,27.3,19.3,31.9,28.35,27.7,21.9,32.3,28.73,27.9,20.6,31.3,28.81,27.5,21.5,31.5,28.54,27.6,19.7,1.15,1.31,0.65,0.83,0.94,0.86
"08-01 15:04","Train_B",31.3,27.86,27.5,21.4,31.2,27.51,27.4,24,31.7,28.14,27.6,23.6,31.9,28.25,27.7,20.2,31.5,28.37,27.5,22.3,32,28.46,27.8,25,0.36,0.87,0.54,0.55,0.66,0.11
"08-01 15:06","Train_B",31.7,28.5,27.6,24.2,31.4,28.9,27.5,19.5,32.2,28.87,27.8,22,32.2,28.67,27.8,19.8,32.1,28.93,27.8,23,31.9,28.53,27.7,18.7,0.9,1.13,1.07,0.87,0.83,1.4
"08-01 15:08","Train_B",31.9,28.24,27.7,22,31.3,27.74,27.5,21.6,32.4,28.58,27.9,22.1,32.5,29.04,28,21.1,32.9,28.77,28.1,22,31.9,28.83,27.7,20.8,0.54,0.67,0.68,1.04,1.13,0.24
"08-01 15:10","Train_B",31,27.76,27.4,23.6,31.5,27.18,27.6,22.1,32.7,27.87,28.1,24.2,32.2,27.72,27.9,22.7,32.5,28.16,28,23.9,32,28.87,27.8,24.3,0.36,0.16,-0.23,-0.18,1.07,-0.42
"08-01 15:12","Train_B",32.6,28.64,28.1,21.2,31.3,27.47,27.5,20.7,32.6,28.59,28,20.6,32.3,28.51,27.9,21.6,32.4,28.44,27.9,20.4,31.6,28.13,27.6,19.8,0.54,0.54,0.59,0.61,0.53,-0.03
"08-01 15:14","Train_B",30.9,27.05,27.3,23.7,31.4,26.53,27.5,18.3,31.8,27.08,27.7,23.6,32.4,27.82,27.9,21.4,31.3,26.42,27.5,22.9,32,27.28,27.7,19.9,-0.25,-1.08,-0.62,-0.08,-0.42,-0.97
"08-01 15:16","Train_B",31.2,27.61,27.4,22.6,31.3,27.77,27.5,23.9,33,27.81,28.2,23.6,32.3,28.23,27.9,19,32.2,28.04,27.9,22.8,31.6,28.16,27.6,20.3,0.21,0.14,-0.39,0.33,0.56,0.27
"08-01 15:18","Train_B",31,28.04,27.4,21.8,30.9,27.59,27.3,20.4,32.4,28.19,27.9,22.4,31.7,28.2,27.7,20.5,31.7,27.61,27.7,20.7,31.7,27.26,27.6,22.6,0.64,-0.09,0.29,0.5,-0.34,0.29
"08-01 15:20","Train_B",31.7,25.35,27.6,20.1,31.8,26.78,27.7,20.7,32.6,26.49,28,19.9,33.9,27.06,28.5,20.7,32.6,26.94,28,18.7,32.5,25.76,28,18.9,-2.25,-1.06,-1.51,-1.44,-2.24,-0.92
"08-01 15:22","Train_B",32.3,28.7,27.9,23.6,31.2,28.62,27.5,22.9,32.6,28.9,28,22.6,32.4,28.94,27.9,22.5,33.6,29.05,28.4,22.8,31.9,28.78,27.7,24.6,0.8,0.65,0.9,1.04,1.08,1.12
"08-01 15:24","Train_B",31.9,27.29,27.7,21.2,31.5,27.25,27.6,20.5,33,28.17,28.2,20.5,32.2,27.03,27.9,19.3,33,28.09,28.2,22.1,31.9,27.12,27.7,18.6,-0.41,-0.11,-0.03,-0.87,-0.58,-0.35
"08-01 15:26","Train_B",31.9,28.25,27.7,24.6,31.6,28.7,27.6,19.7,33.5,29.05,28.4,23.8,33,29.04,28.2,21.3,32.5,28.66,28,21.9,32.2,28.26,27.8,20.4,0.55,0.66,0.65,0.84,0.46,1.1
"08-01 15:28","Train_B",31.4,27.53,27.5,23.8,30.6,27.71,27.2,24.3,32.4,28.81,27.9,20.9,31.6,27.88,27.6,19.9,31.9,28.55,27.7,22.2,31,28.19,27.4,21.6,0.03,0.85,0.91,0.28,0.79,0.51
"08-01 15:30","Train_B",30.2,26.2,27.1,20.4,30.5,27,27.2,18.7,31.5,26.85,27.6,22.1,31.3,27.03,27.5,19.6,31.1,26.54,27.4,19.6,31.4,27.17,27.5,23.9,-0.9,-0.86,-0.75,-0.47,-0.33,-0.2
"08-01 15:32","Train_B",30.8,26.95,27.3,23.3,30.5,27.49,27.2,23,32.6,28.42,28,22,31.9,27.95,27.7,18.7,32,27.39,27.8,21.5,31.3,26.64,27.4,19.7,-0.35,-0.41,0.42,0.25,-0.76,0.29
"08-01 15:34","Train_B",30.3,27.24,27.1,22,30.6,27.67,27.2,20.2,31.6,28.06,27.6,23.4,31.4,28.19,27.5,21.3,31,28.16,27.4,21.3,31.1,27.96,27.4,19.9,0.14,0.76,0.46,0.69,0.56,0.47
"08-01 15:36","Train_B",32.4,28.04,27.9,23.9,31.4,26.76,27.5,23.9,32.6,27.84,28,22.4,32.5,28.15,28,23.8,32.4,27.57,27.9,22.2,32.5,27.72,28,21.3,0.14,-0.33,-0.16,0.15,-0.28,-0.74
"08-01 15:38","Train_B",32,27.94,27.8,25.4,31.9,27.97,27.7,24.9,32.2,28.23,27.8,24.6,32.5,28.19,28,25,32.2,27.92,27.8,24.5,33.1,28.28,28.2,25.3,0.14,0.12,0.43,0.19,0.08,0.27
"08-01 15:40","Train_B",32.3,27.34,27.9,24,32,27.65,27.8,22.2,32.2,27.61,27.8,22.3,33.7,28.86,28.4,24.9,32,27.31,27.8,22,32.9,27.98,28.1,23.4,-0.56,-0.49,-0.19,0.46,-0.12,-0.15
"08-01 15:46","Train_B",31.9,29.17,27.8,22.7,31.2,28.74,27.5,19.9,32.7,28.98,28,22.2,35.7,30.11,29.3,17.6,32.2,29.2,27.9,21.3,32.4,28.71,28,21.3,1.37,1.3,0.98,0.81,0.71,1.24
"08-01 15:48","Train_B",31.1,28.68,27.4,24.3,31.1,28.66,27.4,23.6,32.2,29.06,27.9,24.4,32.5,28.21,28,22.9,31.7,28.69,27.7,21.7,31.6,28.76,27.6,24.5,1.28,0.99,1.16,0.21,1.16,1.26
"08-01 15:50","Train_B",30.7,27.92,27.2,24.5,29.9,28.07,26.9,21,31.6,27.94,27.6,20.1,32.7,28.38,28,24.5,31.3,28.42,27.5,21.2,31,27.91,27.4,24.2,0.72,0.92,0.34,0.38,0.51,1.17
"08-01 15:52","Train_B",30.5,27.27,27.2,21.1,30.7,27.86,27.2,24.8,31.5,27.84,27.6,23.6,32.3,28.06,27.9,21.4,31,27.33,27.4,19,31.2,27.72,27.5,17.1,0.07,-0.07,0.24,0.16,0.22,0.66
"08-01 15:54","Train_B",32,27.49,27.8,23.2,32.5,27.92,28,17.8,32.3,27.37,27.9,19.2,33.8,28.24,28.5,22.1,32.1,27.64,27.8,20.6,32.7,27.84,28,18.8,-0.31,-0.16,-0.53,-0.26,-0.16,-0.08
"08-01 15:56","Train_B",31.5,28.92,27.6,25.3,32.3,28.69,27.9,23.9,32.5,29.28,27.9,23.7,33.8,29.05,28.5,22.2,31.9,28.87,27.7,20.7,32.4,28.82,27.9,18.3,1.32,1.17,1.38,0.55,0.92,0.79
"08-01 15:58","Train_B",31.9,27.43,27.7,24.9,31.3,27.27,27.5,25.4,32.5,27.72,28,22,34.2,28.67,28.7,21,32.3,27.77,27.9,20.4,32.1,27.44,27.8,22.5,-0.27,-0.13,-0.28,-0.03,-0.36,-0.23
"08-01 16:00","Train_B",32,29.15,27.8,23.1,31.3,28.64,27.5,21.1,32.4,29.77,27.9,21.3,34,29.68,28.6,22.2,32.3,29.33,27.9,21.2,32.1,29.41,27.8,18.1,1.35,1.43,1.87,1.08,1.61,1.14
"08-01 16:02","Train_B",33,27.54,28.2,21.7,32.6,27.54,28,25,32.4,27,27.9,21.1,33.3,28.06,28.3,22.1,31.9,27.46,27.7,21.4,33.2,27.49,28.3,24.6,-0.66,-0.24,-0.9,-0.24,-0.81,-0.46
"08-01 16:04","Train_B",32.2,29.1,27.8,21.7,33,29.56,28.3,21.3,32.9,29.24,28.1,20.8,34.9,30.44,28.9,19.3,32.2,29.05,27.9,20.2,32.8,28.56,28.2,15,1.3,1.15,1.14,1.54,0.36,1.26
"08-01 16:06","Train_B",31.7,27.13,27.6,24,31.6,27.17,27.6,24.2,32.3,27.41,27.9,24.3,33.4,27.77,28.3,24,32,27.57,27.7,24,32.6,26.77,28,24.2,-0.47,-0.13,-0.49,-0.53,-1.23,-0.43
"08-01 16:08","Train_B",31.8,27.8,27.7,20.4,31.1,28.26,27.5,25.4,32.9,28.24,28.1,23.5,33.6,29.21,28.4,22.9,32.3,28.27,27.9,20.7,32,27.7,27.8,19.1,0.1,0.37,0.14,0.81,-0.1,0.76
"08-01 16:10","Train_B",31.1,26.75,27.4,20.6,31.7,27.42,27.7,26.2,32.2,27.79,27.9,20.3,33,27.7,28.2,22.4,31.7,26.64,27.6,20.4,32.2,27.25,27.9,23.9,-0.65,-0.96,-0.11,-0.5,-0.65,-0.28
"08-01 16:12","Train_B",32,27.06,27.8,24.6,31.1,27.72,27.4,26.9,32.6,28.28,28,22.8,33.2,28.53,28.2,23.8,32.2,28.06,27.9,23.9,31.6,27.17,27.6,19.5,-0.74,0.16,0.28,0.33,-0.43,0.32
"08-01 16:14","Train_B",31.6,26.75,27.6,22.3,31.9,26.43,27.7,28,32.5,26.84,28,24.2,34.2,27.64,28.7,24.8,32.6,26.69,28,21.9,33,27.09,28.2,20.4,-0.85,-1.31,-1.16,-1.06,-1.11,-1.27
"08-01 16:16","Train_B",31,27.35,27.4,25.2,31.8,27.84,27.7,28.9,31.7,27.7,27.6,21,35,29.11,29,22.4,31.6,27.56,27.6,24.9,32.3,27.95,27.9,24,-0.05,-0.04,0.1,0.11,0.05,0.14
"08-01 16:18","Train_B",30.9,28.14,27.3,19.8,30.6,28.51,27.2,29.1,31.6,28.75,27.6,24.5,33.1,29.07,28.2,23.2,31.6,28.79,27.6,19.9,30.5,28.72,27.2,21.1,0.84,1.19,1.15,0.87,1.52,1.31
"08-01 16:20","Train_B",30.7,28.2,27.3,23.9,31,27.58,27.4,29.3,31.6,28.21,27.6,20.8,32.6,28.14,28,23.7,31.4,27.97,27.5,19.4,32,28.4,27.8,24.3,0.9,0.47,0.61,0.14,0.6,0.18
"08-01 16:22","Train_B",31.7,28.19,27.6,20.9,32.1,28.89,27.8,30.1,32.3,28.53,27.9,20,34.1,30.03,28.6,21.3,32,28.95,27.8,21.3,32.8,29.3,28.1,19.8,0.59,1.15,0.63,1.43,1.2,1.09
"08-01 16:24","Train_B",32.6,29.18,28,24.9,32.1,28.91,27.8,30.2,32.2,29.72,27.9,24,33.6,29.21,28.4,24.9,32.4,29.05,27.9,24.4,32.8,29.07,28.1,25.8,1.18,1.15,1.82,0.81,0.97,1.11
"08-01 16:26","Train_B",32.1,27.3,27.8,25.9,31.9,30.9,27.7,30.3,32.1,27.4,27.8,25.3,32.9,28.1,28.1,25,32.1,27.6,27.8,25.2,32.4,27.8,27.9,21,-0.5,-0.2,-0.4,0,-0.1,3.2
"08-01 16:28","Train_B",31.2,28.3,27.5,17.7,32.9,30.9,28.1,30.9,32.7,28.6,28,20.4,34.4,28.7,28.7,21,32.4,29.1,27.9,20.6,33.4,29.1,28.3,21.3,0.8,1.2,0.6,0,0.8,2.8
"08-01 16:32","Train_B",30.9,26.7,27.3,24.4,31,31.6,27.4,31,32,27.7,27.8,22.5,31.2,27.6,27.5,20.1,31.3,27.3,27.5,21.8,31.1,28,27.4,19.1,-0.6,-0.2,-0.1,0.1,0.6,4.2
"08-01 16:36","Train_B",31.5,27.2,27.6,22.2,32.1,32.1,27.8,31.3,33.4,27.3,28.3,22.4,32.9,28.1,28.1,20.9,31.9,27.4,27.7,20.6,32.2,27.9,27.9,22.7,-0.4,-0.3,-1,0,0,4.3
"08-01 16:38","Train_B",31.4,27.2,27.5,24.2,32.1,32.3,27.8,31.6,32.6,27.9,28,25.1,32.7,28.3,28,21.5,32,27.6,27.7,24.6,32.1,28.6,27.8,19.3,-0.3,-0.1,-0.1,0.3,0.8,4.5
"08-01 16:40","Train_B",31.3,28.3,27.5,22.5,31.7,32.5,27.7,31.6,32.3,28.2,27.9,20.3,32.2,27.9,27.9,20.5,32.4,27.6,28,22.7,31.7,28,27.7,22.5,0.8,-0.4,0.3,0,0.3,4.8
"08-01 16:42","Train_B",32,27.1,27.7,23.9,32,32.8,27.8,31.9,32.5,27.6,28,23.9,32.7,28,28.1,21.9,32.3,28.1,27.9,21.1,32.1,28.4,27.8,18.7,-0.6,0.2,-0.4,-0.1,0.6,5
"08-01 16:44","Train_B",30.6,27,27.2,19.7,31.8,32.9,27.7,32,33,28,28.2,20.8,32.3,28.2,27.9,20.4,31.5,27.3,27.6,22.5,31.7,28.6,27.6,19.6,-0.2,-0.3,-0.2,0.3,1,5.2
"08-01 16:46","Train_B",31.4,28.2,27.6,24.6,31.7,32.6,27.7,31.9,32.9,28.4,28.1,25.2,32.4,28,27.9,23.3,32.5,28.5,28,20.6,31.7,28.6,27.7,17.6,0.6,0.5,0.3,0.1,0.9,4.9
"08-01 16:48","Train_B",31.1,28.1,27.4,18.2,31.8,32.8,27.7,31.8,32.3,28.1,27.9,19.8,32.1,28,27.8,18.7,32.1,28.1,27.8,23,31.8,27.6,27.7,22.7,0.7,0.3,0.2,0.2,-0.1,5.1
"08-01 16:50","Train_B",32,26.6,27.8,23.3,32,33,27.8,32.1,32.7,28,28.1,24.1,32.6,28.7,28,21.5,33.1,28.4,28.2,23.6,31.9,28.2,27.7,18.4,-1.2,0.2,-0.1,0.7,0.5,5.2
"08-01 16:52","Train_B",31.6,27.6,27.6,25,32,33.2,27.8,32.2,33.6,28,28.4,24,32.3,28.1,27.9,20.2,33.6,27.8,28.4,24,32.3,28,27.9,24.2,0,-0.6,-0.4,0.2,0.1,5.4
"08-01 16:54","Train_B",32.2,26.8,27.9,23.4,32,33.2,27.8,32.3,32.9,27.8,28.1,24.5,32.6,28.2,28,19.8,32.5,28,28,21.5,31.9,28.4,27.7,18,-1.1,0,-0.3,0.2,0.7,5.4
"08-01 16:56","Train_B",31.7,27.7,27.6,23.4,31.6,33.3,27.6,32.3,33.5,27.9,28.4,23.5,32.1,28.2,27.8,23.9,32.6,27.7,28,23,31.4,27.6,27.5,22.1,0.1,-0.3,-0.5,0.4,0.1,5.7
"08-01 16:58","Train_B",31.4,27,27.5,23.7,31,33.4,27.4,32.2,32.1,28.3,27.8,22.3,31.6,27.7,27.6,18,31.6,28,27.6,21.1,30.9,27.8,27.3,17.7,-0.5,0.4,0.5,0.1,0.5,6
"08-01 17:00","Train_B",30,26.6,27,18.8,30.9,33.4,27.3,32.1,31.6,27,27.6,22.2,31.4,27.8,27.5,20.7,30.7,27.2,27.2,20.9,30.7,28,27.2,18.5,-0.4,0,-0.6,0.3,0.8,6.1
"08-01 17:02","Train_B",31,27,27.4,21.8,31.2,33.4,27.5,32.2,32,27.8,27.8,21.1,31.7,27.4,27.7,22.6,31.9,27.3,27.7,22,31,27.5,27.4,21.2,-0.4,-0.4,0,-0.3,0.1,5.9
"08-01 17:04","Train_B",31.9,27.4,27.7,24.5,32.1,33,27.8,32.2,33.5,28.1,28.4,23.5,32.5,27.9,28,21.8,32.4,27.6,27.9,23.4,32.6,27.8,28,22.9,-0.3,-0.3,-0.3,-0.1,-0.2,5.2
"08-01 17:10","Train_B",33.5,28.9,28.4,19.9,32.6,31.6,28,31.7,33.2,29.8,28.3,17.6,35.8,32.5,29.3,18.4,32.3,29,27.9,20.9,34.6,31.6,28.8,14.2,0.5,1.1,1.5,3.2,2.8,3.6
"08-01 17:14","Train_B",33.6,28.4,28.4,19.1,33.5,31.2,28.4,31.6,34.6,29.7,28.8,19,38.1,31,30.2,14.3,33.6,29.3,28.4,18.3,35.5,30.5,29.2,11.3,0,0.9,0.9,0.8,1.3,2.8
"08-01 17:16","Train_B",31.8,26.7,27.7,23.6,32.3,32.4,27.9,31.5,32.7,28,28,22.9,34.1,27.4,28.6,21.6,32.1,27.6,27.8,22.9,33.5,27.6,28.4,23.3,-1,-0.2,0,-1.2,-0.8,4.5
"08-01 17:18","Train_B",31.3,27.3,27.5,22.7,31.4,33,27.5,31.5,32.4,27.7,27.9,24.1,32.7,28,28.1,23.9,31.7,28,27.6,20.8,32.2,28.2,27.8,21.8,-0.2,0.4,-0.2,-0.1,0.4,5.5
"08-01 17:20","Train_B",30.7,26.9,27.3,23.9,31.7,33.1,27.6,32,31.7,28,27.7,20.3,33,28.3,28.2,24,31.1,27.6,27.4,21.4,32.1,28.1,27.8,22.5,-0.4,0.2,0.3,0.1,0.3,5.5
"08-01 17:22","Train_B",30.6,27.1,27.2,21,31.7,33.6,27.7,31.9,31.6,28.1,27.6,20.2,32.7,28.2,28,21.1,31.1,27.6,27.4,18.7,32.2,27.9,27.9,22.1,-0.1,0.2,0.5,0.2,0,5.9
"08-01 17:24","Train_B",31.9,27.3,27.7,22.6,32.4,33.6,27.9,32,32.6,28,28,22.6,34.4,28.5,28.7,21.9,32,27.9,27.8,19.8,33.1,28.5,28.2,17.4,-0.4,0.1,0,-0.2,0.3,5.7
"08-01 17:26","Train_B",31.9,27.9,27.7,21.8,32.7,34.4,28.1,32.3,32.6,28.8,28,23.7,34,28.9,28.6,21.6,33.6,28.4,28.4,19.7,33,29.1,28.2,21.5,0.2,0,0.8,0.3,0.9,6.3
"08-01 17:28","Train_B",31.7,27.5,27.6,20.3,32.5,33.6,28,32.4,32.6,28.6,28,19.6,33.7,28.5,28.4,23.7,32.4,27.9,27.9,21.6,34.3,28.3,28.7,22.1,-0.1,0,0.6,0.1,-0.4,5.6
"08-01 17:30","Train_B",31.4,28,27.5,24.3,32.5,33.8,28,32.7,32.3,28,27.9,23.6,33.9,28.7,28.6,24.6,32,28,27.8,20.3,33,28.7,28.2,18.4,0.5,0.2,0.1,0.1,0.5,5.8
"08-01 17:32","Train_B",31.4,27.3,27.5,19.4,32.2,33.9,27.9,32.5,32.3,27.6,27.9,22.9,33.1,28.4,28.2,23.5,31.8,28,27.7,21,32.6,28.1,28,22.8,-0.2,0.3,-0.3,0.2,0.1,6
"08-01 17:36","Train_B",31.8,27.7,27.7,23.6,32.6,33.7,28,32.4,32.5,28.2,28,23.6,34,28.6,28.6,24.3,32.2,28.3,27.9,22.2,33.2,28.6,28.3,18.9,0,0.4,0.2,0,0.3,5.7
"08-01 17:38","Train_B",31.5,27.3,27.6,18.7,32.4,33.7,27.9,32.4,32.2,27.9,27.9,20.9,33.5,28.1,28.3,22.7,32,28.1,27.7,20.7,32.7,27.9,28,23.7,-0.3,0.4,0,-0.2,-0.1,5.8
"08-01 17:44","Train_B",32.7,29.2,28.1,18.4,32.9,32.3,28.1,32.2,33.6,29.1,28.4,17.1,37.2,28.9,29.9,15.8,33.3,28.9,28.3,19,33.4,29.2,28.4,17.7,1.1,0.6,0.7,-1,0.8,4.2
"08-01 17:46","Train_B",32.2,26.6,27.9,22.8,32.7,33.3,28,32.3,33.3,27.7,28.3,23.2,34.8,28.2,28.9,21.1,32.6,28.3,28,21,33,28.2,28.1,20.8,-1.3,0.3,-0.6,-0.7,0.1,5.3
"08-01 17:48","Train_B",31.3,27.9,27.5,23.8,32.5,33.1,28,32.2,32.2,28.6,27.9,23,33.3,28.4,28.3,24.3,31.9,28.1,27.8,23.2,32.5,28.2,28,25,0.4,0.3,0.7,0.1,0.2,5.1
"08-01 17:50","Train_B",30.8,27.3,27.3,23.4,32.2,33.2,27.9,32.1,31.9,27.6,27.7,22.8,33.2,27.7,28.2,23.6,31.4,27.6,27.5,22.8,30.5,27.3,27.2,21.6,0,0.1,-0.1,-0.5,0.1,5.3
"08-01 17:52","Train_B",30.4,26.4,27.1,22.3,32.2,33.3,27.8,32,31.9,27.5,27.7,19.7,32.9,27.8,28.1,21.6,31.3,27.1,27.5,21.3,32.4,27.3,27.9,18.7,-0.7,-0.4,-0.2,-0.3,-0.6,5.5
"08-01 17:54","Train_B",32.1,27.1,27.8,21.8,32.4,33.2,27.9,32,32.6,27.3,28,19.9,33.5,27.7,28.3,22.2,32.8,27.3,28,20.5,33,28.1,28.2,21.7,-0.7,-0.7,-0.7,-0.6,-0.1,5.3
"08-01 17:56","Train_B",32.1,27,27.8,24.9,32.4,33.6,27.9,32.3,32.5,26.9,28,24.2,33.6,28,28.4,25.2,32.2,27,27.8,24.3,32.9,27.6,28.2,25.6,-0.8,-0.8,-1.1,-0.4,-0.6,5.7
"08-01 17:58","Train_B",30.6,27.4,27.2,22.1,31.6,31,27.6,16.3,31.8,28.1,27.7,23.4,32.6,28.3,28,22.1,31.3,27.8,27.5,22.6,32.4,28.1,27.9,24.2,0.2,0.3,0.4,0.3,0.2,3.4
"08-01 18:00","Train_B",30.4,26.6,27.1,24.1,31.3,28.5,27.5,16.3,31.1,27.3,27.4,19.9,31.7,28.1,27.7,20.6,30.9,27.3,27.3,23.4,31.6,28.4,27.6,18.7,-0.5,0,-0.1,0.4,0.8,1
"08-01 18:02","Train_B",31.6,27.6,27.6,22.1,31.2,27.5,27.4,20.6,31.8,27.8,27.7,21.7,31.8,27.8,27.7,21.3,31.6,27.5,27.6,23.2,31.5,27.3,27.6,23.4,0,-0.1,0.1,0.1,-0.3,0.1
"08-01 18:04","Train_B",31.5,26.4,27.6,22.1,32.1,27.9,27.8,17.9,34.5,27.4,28.8,20.9,33,28.5,28.1,19.9,33.2,27.9,28.3,20,32.5,27.7,28,20.8,-1.2,-0.4,-1.4,0.4,-0.3,0.1
"08-01 18:06","Train_B",31,27.2,27.4,24.3,32.1,28.3,27.8,20.6,32.9,27.8,28.1,24.5,32.7,28,28,20.4,32.1,27.4,27.8,24.3,32.4,28.1,27.9,21.7,-0.2,-0.4,-0.3,0,0.2,0.5
"08-01 18:08","Train_B",32.3,28.6,27.9,21,32,28,27.8,17.9,33.2,28.6,28.3,20.7,32.9,28.4,28.1,23.8,32.5,28.1,28,20.6,32.4,28.1,27.9,24.1,0.7,0.1,0.3,0.3,0.2,0.2
"08-01 18:10","Train_B",31.4,26.5,27.5,23,31.6,28.9,27.6,19.4,32.8,28,28.1,21.6,32.7,28.4,28.1,20.8,32,27.7,27.8,23.1,32.2,28.1,27.9,19.4,-1,-0.1,-0.1,0.3,0.2,1.3
"08-01 18:12","Train_B",31.1,28,27.4,21.4,32.1,27.9,27.8,21.6,32.7,28.3,28,24.3,33.1,28.1,28.2,21.6,32.2,27.6,27.8,23,32.8,27.9,28.1,23.6,0.6,-0.2,0.3,-0.1,-0.2,0.1
"08-01 18:14","Train_B",31.6,26.9,27.6,23.6,31.7,28.2,27.6,18.7,32.3,27.9,27.9,19.5,32.6,28.1,28,20.8,32,28.3,27.8,21.3,32.1,27.9,27.8,18.1,-0.7,0.5,0,0.1,0.1,0.6
"08-01 18:16","Train_B",31.2,27.4,27.4,21.3,31.7,28.2,27.6,19.4,32.4,28.3,27.9,21.7,32.6,28.3,28,20.2,31.6,27.4,27.6,20.5,32.3,28,27.9,19.3,0,-0.2,0.4,0.3,0.1,0.6
"08-01 18:18","Train_B",32.1,27.6,27.8,22.3,31.6,28,27.6,22.2,33.1,27.9,28.2,23.7,32.4,28.2,27.9,22.8,32.9,28.4,28.1,21.7,32.6,28,28,23.3,-0.2,0.3,-0.3,0.3,0,0.4
"08-01 18:20","Train_B",32.6,26.7,28,22.3,31.8,27.5,27.7,20.2,32.7,27.9,28.1,23.2,32.4,28.3,27.9,18.6,33.4,27.9,28.3,23,32.6,27.6,28,23.6,-1.3,-0.4,-0.2,0.4,-0.4,-0.2
"08-01 18:22","Train_B",32.3,27.5,27.9,21.4,31.8,28.1,27.7,20.3,33.6,28,28.4,20.5,32.5,28.5,28,21.9,32.7,28.5,28,22.3,32.2,28.4,27.8,20.2,-0.4,0.5,-0.4,0.5,0.6,0.4
"08-01 18:24","Train_B",33.6,27.9,28.4,21.7,32.2,27.8,27.9,21.5,33.6,28.5,28.4,25.1,33.5,28.9,28.3,20.6,32.8,28.6,28.1,19.8,32.6,28.3,28,23.7,-0.5,0.5,0.1,0.6,0.3,-0.1
"08-01 18:26","Train_B",31.5,28,27.6,25.3,31.4,27.4,27.5,23.2,32.3,28.1,27.9,21,31.9,27.7,27.8,22.3,31.9,28.1,27.8,23.9,32,27.7,27.8,24.1,0.4,0.3,0.2,-0.1,-0.1,-0.1
"08-01 18:29","Train_B",31,27.5,27.4,19,31.3,27.6,27.5,19.3,31.9,27.8,27.7,22.6,32.1,28.4,27.8,19.2,32,28.5,27.8,20.2,31.8,28.3,27.7,19.4,0.1,0.7,0.1,0.6,0.6,0.1
"08-01 18:31","Train_B",30.5,27.2,27.1,21.5,30.8,27.4,27.3,21.3,32.4,27.3,27.9,20.2,31.7,27.9,27.6,22.2,31,27.3,27.3,18.6,31.3,27.6,27.5,23.6,0.1,0,-0.6,0.3,0.1,0.1
"08-01 18:33","Train_B",30.3,27.3,27.1,22.6,31.3,27.3,27.5,23.7,31.8,28,27.7,24.3,32.2,28.1,27.8,20.6,31.3,27.9,27.5,20.6,31.9,27.6,27.7,22,0.2,0.4,0.3,0.3,-0.1,-0.2
"08-01 18:41","Train_B",33.9,28.7,28.5,20.7,32.9,28.5,28.1,19.1,34,30.2,28.6,18.2,35.6,33,29.2,17.3,32.5,29.3,28,21.2,35,31.7,28.9,14.3,0.2,1.3,1.6,3.8,2.8,0.4
"08-01 18:45","Train_B",32.6,28.4,28,19.1,32.7,28.3,28,23.8,34.4,28.9,28.7,17.5,38.4,30,30.3,14.5,33.1,29.1,28.2,19.9,34.8,30.1,28.9,13,0.4,0.9,0.2,-0.3,1.2,0.3
"08-01 18:47","Train_B",31.6,26.6,27.6,23,32.6,26.6,28,21.5,33.1,27.6,28.2,23.5,33.8,27.6,28.5,22.1,32,27.4,27.8,23.2,32.7,27.3,28,24,-1,-0.4,-0.6,-0.9,-0.7,-1.4
"08-01 18:49","Train_B",31,27.2,27.4,20.7,30.6,27.3,27.2,24.3,32.3,28,27.9,21.9,32.9,28.5,28.1,22.9,31.6,27.9,27.6,21,31.4,27.9,27.5,19.7,-0.2,0.3,0.1,0.4,0.4,0.1
"08-01 18:51","Train_B",31,27.3,27.4,20.1,30.7,27.4,27.3,20.5,32,27.9,27.7,22,33.1,28.6,28.2,24.5,31.6,27.8,27.6,20.7,31.9,28.2,27.7,19.2,-0.1,0.2,0.2,0.4,0.5,0.1
"08-01 18:53","Train_B",30.6,27.3,27.2,24,31.9,27,27.7,18.5,32.1,28.3,27.8,23.6,34.9,28.1,28.9,21.2,31.1,27.1,27.4,18.8,32,27.6,27.8,21.1,0.1,-0.3,0.5,-0.8,-0.2,-0.7
"08-01 18:55","Train_B",31.9,27.4,27.7,22.9,32.3,27.8,27.9,20.8,33.5,27.9,28.4,22.5,34.1,29.2,28.6,21.9,32.5,28,28,20.8,32.6,28.9,28,19.5,-0.3,0,-0.5,0.6,0.9,-0.1
"08-01 18:57","Train_B",32.2,28.8,27.9,20.7,32.3,28,27.9,23.6,32.8,28.6,28.1,22,33.9,28.2,28.5,23.3,32.5,28.3,28,24.5,32.6,27.8,28,22.3,0.9,0.3,0.5,-0.3,-0.2,0.1
"08-01 18:59","Train_B",31.6,27.2,27.6,22.8,31.9,27.6,27.7,22.5,32.9,27.8,28.1,23.2,33.8,28.4,28.5,21.3,32.2,28.4,27.9,20.4,32.8,28.2,28.1,24.9,-0.4,0.5,-0.3,-0.1,0.1,-0.1
"08-01 19:01","Train_B",31.3,27.6,27.5,20.3,31.5,27.3,27.6,18.5,32.2,28.3,27.8,20.6,33.8,28.5,28.5,23.4,32,27.8,27.7,19.1,31.6,28.1,27.6,17.9,0.1,0.1,0.5,0,0.5,-0.3
"08-01 19:03","Train_B",31.4,27.4,27.5,21,31.1,28.1,27.4,19.4,32.2,27.7,27.9,19,33.5,28.5,28.4,21.4,32,28.6,27.8,22,31.4,28.1,27.5,19.4,-0.1,0.8,-0.2,0.1,0.6,0.7
"08-01 19:05","Train_B",31.3,27.6,27.5,20.9,31.5,27.3,27.6,23.4,32.4,28.2,27.9,22.5,33.3,27.9,28.3,24.2,31.8,27.7,27.7,18.8,32.7,27.6,28.1,24.7,0.1,0,0.3,-0.4,-0.5,-0.3
"08-01 19:07","Train_B",32,28.9,27.8,24.7,32.9,29.3,28.1,23.6,33,28.1,28.2,24.6,34.4,28.6,28.7,24.2,32.2,28.1,27.8,22.4,33.3,28.9,28.3,19,1.1,0.3,-0.1,-0.1,0.6,1.2
"08-01 19:09","Train_B",31.7,27.6,27.6,17.6,31.9,27,27.7,21.7,32.4,28.2,27.9,20.1,33.5,28.6,28.4,21.8,32.1,28.3,27.8,19.7,32.1,27.6,27.8,18.5,0,0.5,0.3,0.2,-0.2,-0.7
"08-01 19:11","Train_B",32.1,28,27.8,23.6,32.3,28.6,27.9,21.5,32.8,28.4,28.1,21.5,33.6,28.7,28.4,23,32.5,27.7,27.9,23.5,32.8,28.1,28.1,20,0.2,-0.2,0.3,0.3,0,0.7
"08-01 19:13","Train_B",32,27.3,27.8,22.6,30.9,27,27.3,23,32.6,27.7,28,20.9,34.1,28.2,28.6,23.7,32.4,28,27.9,19.8,31.7,27.5,27.7,23.3,-0.5,0.1,-0.3,-0.4,-0.2,-0.3
"08-01 19:15","Train_B",32,27.2,27.8,20.9,31.7,27.8,27.7,19.7,32.8,28.1,28.1,24.3,33.6,28.5,28.4,21.6,32.4,28.1,27.9,20.1,33,27.5,28.2,21.1,-0.6,0.2,0,0.1,-0.7,0.1
"08-01 19:17","Train_B",30.9,27.5,27.3,24.6,30.3,27,27.1,23.3,31.8,27.2,27.7,19.9,32.9,27.8,28.2,23.7,31.3,27.5,27.5,23.3,31.3,27.9,27.5,24.3,0.2,0,-0.5,-0.4,0.4,-0.1
"08-01 19:19","Train_B",30.7,27,27.3,23.3,29.6,26.9,26.8,23.1,31.7,27.4,27.6,21.4,33.6,27.7,28.4,22.9,31.4,27.8,27.5,21.7,30.6,27.3,27.2,19.1,-0.3,0.3,-0.2,-0.7,0.1,0.1
"08-01 19:25","Train_B",31.6,27.5,27.6,25.5,32.9,30,28.1,25.6,32.2,28.3,27.9,25.8,35.1,30,29,21.3,32.2,28.2,27.8,24.9,33.4,29.7,28.3,25.6,-0.1,0.4,0.4,1,1.4,1.9
"08-01 19:29","Train_B",31,25.9,27.4,21.8,32.3,27.5,27.9,21.5,33.1,27,28.2,21.5,33.7,27.7,28.4,21,32.8,27.1,28.1,21.6,32.5,27.3,28,22.8,-1.5,-1,-1.2,-0.7,-0.7,-0.4
"08-01 19:31","Train_B",30.4,26.6,27.1,23.9,31.5,27.3,27.6,20.5,32.3,27.3,27.9,23.5,32.5,28,28,20.9,31.6,27.3,27.6,24,32,27.9,27.8,18.7,-0.5,-0.3,-0.6,0,0.1,-0.3
"08-01 19:33","Train_B",30.7,27.1,27.3,25.6,31.5,27.4,27.6,24.3,32,27.9,27.7,25.3,32.1,27.9,27.8,20.5,31.6,27.2,27.6,24,31.9,27.4,27.7,24.4,-0.2,-0.4,0.2,0.1,-0.3,-0.2
"08-01 19:37","Train_B",31.1,28,27.4,23,31.9,27.6,27.7,21.7,32.1,28.3,27.8,23.5,32.9,27.5,28.1,21.9,32,27.8,27.8,22.9,32.4,28.2,27.9,26.3,0.6,0,0.5,-0.6,0.3,-0.1
"08-01 19:39","Train_B",32.2,27.9,27.9,24.5,31.5,27.5,27.6,20,33.4,28.1,28.3,23.3,32.7,29.1,28,21,32.6,28.2,28,24.9,32.1,27.6,27.8,20.3,0,0.2,-0.2,1.1,-0.2,-0.1
"08-01 19:41","Train_B",31.1,27,27.4,19.8,31.7,27.6,27.6,20.6,32.6,28.1,28,20.4,32.5,28.2,28,18.6,31.7,28,27.6,20.1,32.1,28.7,27.8,22,-0.4,0.4,0.1,0.2,0.9,0
"08-01 19:43","Train_B",31.9,27.5,27.7,24.7,31.3,27.3,27.5,19.3,33.9,29,28.5,20.6,33,28.6,28.2,23.5,33.2,28.4,28.2,21.1,32.6,28.4,28,18.5,-0.2,0.2,0.5,0.4,0.4,-0.2
"08-01 19:45","Train_B",31.1,27.3,27.4,19.8,31.6,27.6,27.6,23.6,33.3,28.2,28.3,24,32.4,28.1,27.9,18.7,32.6,27.7,28,23.4,32.2,28.1,27.8,24,-0.1,-0.3,-0.1,0.2,0.3,0
"08-01 19:51","Train_B",32.5,27,28,22.7,31.6,26.9,27.6,22.9,33.7,28.5,28.4,22.1,32.6,28.3,28,20.3,33,28.5,28.2,24.3,32.5,28.2,28,24.7,-1,0.3,0.1,0.3,0.2,-0.7
"08-01 19:53","Train_B",32.4,27.5,27.9,24.5,31.6,27.6,27.6,21,33.3,28.2,28.3,23,33.5,28.5,28.3,19.8,33.7,27.8,28.5,23.2,32.3,27.7,27.9,20.1,-0.4,-0.7,-0.1,0.2,-0.2,0
"08-01 19:55","Train_B",33.3,27.5,28.3,23.2,32.1,28.1,27.8,21.2,34,28.1,28.6,23.3,32.9,28.6,28.1,23.6,33.2,28.3,28.3,23.2,32.3,28.6,27.9,19.5,-0.8,0,-0.5,0.5,0.7,0.3
"08-01 19:57","Train_B",31.9,27.6,27.7,25.2,30.7,27,27.2,22.6,32.8,28.3,28.1,21.6,32,28.3,27.8,18.7,33.2,27.8,28.2,21.1,31.3,27.7,27.5,17.8,-0.1,-0.4,0.2,0.5,0.2,-0.2
"08-01 19:59","Train_B",30.6,26.8,27.2,22.8,31,27.3,27.4,19.5,31.9,27.6,27.7,19,32.1,27.9,27.8,17.6,31.8,28.4,27.7,21.1,31.5,27.9,27.6,19,-0.4,0.7,-0.1,0.1,0.3,-0.1
"08-01 20:01","Train_B",30.5,27.3,27.2,24.4,30.4,27.3,27.1,22.5,32.2,27.6,27.8,20.8,31.4,28,27.5,20.2,31.3,27.4,27.5,18.8,30.9,27.3,27.4,24.3,0.1,-0.1,-0.2,0.5,-0.1,0.2
"08-01 20:03","Train_B",31.3,27.1,27.5,23.2,30.9,26.7,27.3,21.6,31.9,27.9,27.7,24.3,32,27.3,27.8,21.5,31.5,27.3,27.6,22.2,31.5,27.2,27.6,21.9,-0.4,-0.3,0.2,-0.5,-0.4,-0.6
"08-01 20:11","Train_B",32.6,29.2,28,20.4,32.6,28.6,28,24.1,32.6,29.5,28,21.1,34.1,32.3,28.6,18.6,32.2,28.5,27.9,20.3,33.5,31.2,28.4,20.3,1.2,0.6,1.5,3.7,2.8,0.6
"08-01 20:13","Train_B",33.3,29.4,28.3,18.8,33.5,27.6,28.4,20.3,34.5,28.9,28.8,20.8,36.3,31.2,29.5,13.8,33.6,29.6,28.4,19.5,36.1,30.8,29.4,14,1.1,1.2,0.1,1.7,1.4,-0.8
"08-01 20:15","Train_B",33.2,28.9,28.3,21.5,35.1,28.2,29,19.6,34.2,30.6,28.6,15.7,36.1,32.5,29.4,13.1,32.5,29.3,28,19.5,37.2,30.4,29.9,10.6,0.6,1.3,2,3.1,0.5,-0.8
"08-01 20:19","Train_B",31.9,26.9,27.7,22.4,31.5,27.4,27.6,24.2,33,27.4,28.2,21.8,34.6,26.8,28.8,18.6,32.1,27.3,27.8,20.9,32.7,26.8,28.1,20.8,-0.8,-0.5,-0.8,-2,-1.3,-0.2
"08-01 20:21","Train_B",31,27.1,27.4,24.4,31.5,26.7,27.6,18.1,32.1,27.9,27.8,24,32.5,27,28,21.8,31.4,27.6,27.5,23.6,31.3,27.1,27.5,22.7,-0.3,0.1,0.1,-1,-0.4,-0.9
"08-01 20:23","Train_B",30.7,27,27.2,23.8,30.4,26.9,27.1,24,31.9,27.5,27.7,20.3,32.4,27.9,28,23.6,31.3,27.4,27.5,19.6,31,27.6,27.4,17.8,-0.2,-0.1,-0.2,-0.1,0.2,-0.2
"08-01 20:25","Train_B",30.5,27.1,27.2,19.3,32.2,28.5,27.8,19.7,31.4,28,27.5,21.3,33.2,28,28.3,23.1,31.1,27.6,27.4,23.6,31.9,28,27.7,22.7,-0.1,0.2,0.5,-0.3,0.3,0.7
"08-01 20:27","Train_B",32.1,26.6,27.8,21.4,31.6,27,27.6,17.7,32.2,27.7,27.8,18,33.5,28.6,28.4,21.7,32.4,27.9,27.9,20.2,32,27.7,27.8,15.6,-1.2,0,-0.1,0.2,-0.1,-0.6
"08-01 20:29","Train_B",31.6,27.2,27.6,25,30.8,26.7,27.3,23.1,31.9,27.8,27.7,23.6,32.8,28.2,28,24.1,31.8,28.1,27.7,23.9,31.3,27.6,27.5,22.6,-0.4,0.4,0.1,0.2,0.1,-0.6
"08-01 20:31","Train_B",31.8,27.3,27.7,21.9,34.4,27.7,28.7,19.6,32.5,28.3,28,21.5,33.5,28.5,28.4,24.2,32.4,27.8,27.9,20.3,32.6,27.9,28,23,-0.4,-0.1,0.3,0.1,-0.1,-1
"08-01 20:33","Train_B",31.7,27.5,27.6,21,32,27.3,27.8,24.9,32.2,28.3,27.9,20.4,34.1,28.5,28.6,18.5,32.2,28,27.9,19.6,32,28.7,27.8,17.5,-0.1,0.1,0.4,-0.1,0.9,-0.5
"08-01 20:37","Train_B",31.3,27.3,27.5,20.4,30.9,27.4,27.3,22.5,31.9,27.8,27.7,21.1,33.5,28.9,28.4,24.5,31.9,28.4,27.7,18.6,31.6,28.3,27.6,22.9,-0.2,0.7,0.1,0.5,0.7,0.1
"08-01 20:39","Train_B",31.5,28.3,27.5,23.1,30.9,28.3,27.3,23.7,32.1,28.1,27.8,23,33.2,28.2,28.2,20.5,32,28.2,27.7,21.9,31.5,27.7,27.6,15.8,0.8,0.5,0.3,0,0.1,1
"08-01 20:41","Train_B",31.6,28.2,27.6,21.4,31.4,28,27.5,21.4,32.3,27.5,27.9,23.5,33.6,28.2,28.4,20.9,32,27.6,27.8,22.6,31.9,28.2,27.8,18.9,0.6,-0.2,-0.4,-0.2,0.4,0.5
"08-01 20:43","Train_B",31.6,27.1,27.6,21.2,31.9,26.9,27.6,17.3,32.1,28.3,27.8,19.9,33,28.3,28.1,22.1,31.8,28.2,27.7,20.3,31.6,27.7,27.6,16.4,-0.5,0.5,0.5,0.2,0.1,-0.7
"08-01 20:45","Train_B",31.5,27.3,27.6,23,31.9,28,27.7,23,32.3,28.3,27.9,23.2,33,28.9,28.2,24.4,32.4,27.9,27.9,21.3,32,28.2,27.8,22.9,-0.3,0,0.4,0.7,0.4,0.3
"08-01 20:47","Train_B",31.8,28.6,27.7,22.2,30.4,27.5,27.1,17.8,32.2,27.3,27.8,19.7,34.2,27.8,28.6,23.2,32,27.7,27.8,21.8,31.4,27.9,27.5,20,0.9,-0.1,-0.5,-0.8,0.4,0.4
"08-01 20:49","Train_B",31.5,27.2,27.6,21.3,31.3,28.1,27.5,22.4,32.1,28,27.8,24.2,33.4,28.1,28.3,22.4,31.8,27.7,27.7,19.4,31.8,27.9,27.7,23,-0.4,0,0.2,-0.2,0.2,0.6
"08-01 20:51","Train_B",30.8,26.5,27.3,20,30.5,26.9,27.2,20.9,31.6,26.8,27.6,20.9,32.4,27.9,27.9,24.3,31.3,27.3,27.5,23.9,31.3,27.1,27.5,20.4,-0.8,-0.2,-0.8,0,-0.4,-0.3
"08-01 20:53","Train_B",30.2,27,27,25.2,29.2,26.7,26.7,24.6,31.4,27.8,27.5,20.7,32.7,28,28,23.5,30.8,27.6,27.3,19.2,30.2,26.9,27.1,21.2,0,0.3,0.3,0,-0.2,0
"08-01 20:55","Train_B",30.9,26.5,27.3,17.8,31.6,26.6,27.6,19.7,31.7,27.3,27.6,21.9,32.7,27.4,28,21.5,31.6,27.4,27.6,21.5,32.7,27.1,28.1,18.8,-0.8,-0.2,-0.3,-0.6,-1,-1
"08-01 20:57","Train_B",30.9,25.6,27.3,23.4,32.1,26,27.8,23.8,31.6,26.4,27.6,23.4,32.5,27.5,28,25.3,31.4,26.6,27.5,24,32.5,26.6,28,25.9,-1.7,-0.9,-1.2,-0.5,-1.4,-1.8
"08-01 20:59","Train_B",31.1,28.2,27.4,26.9,32.1,28.3,27.8,27.2,32.1,28.5,27.8,26,33.6,28.6,28.4,22.9,31.6,28.8,27.6,24.5,32.2,28.6,27.8,26.7,0.8,1.2,0.7,0.2,0.8,0.5
"08-01 21:01","Train_B",32,29,27.8,16.7,32.1,28.7,27.8,15.2,32.6,29.6,28,16.7,32.8,29.6,28.1,17,33.3,29.7,28.3,17,32.6,29.7,28,16.5,1.2,1.4,1.6,1.5,1.7,0.9
"08-01 21:03","Train_B",30.3,26.3,27.1,15.9,31.7,28.1,27.6,19.4,32.4,27.4,27.9,17.3,32.6,28.6,28,22.1,32.1,28.1,27.8,15.3,32.3,28.6,27.9,16.4,-0.8,0.3,-0.5,0.6,0.7,0.5
"08-01 21:05","Train_B",29.3,25.1,26.7,20.9,30.8,26.6,27.3,22.2,31.4,26.7,27.5,22.5,31.3,27.8,27.5,21.5,31.2,26.1,27.5,21,31.3,27.2,27.5,22.1,-1.6,-1.4,-0.8,0.3,-0.3,-0.7
"08-01 21:07","Train_B",30.6,26.1,27.2,23.1,30.4,27,27.1,23.3,31.5,27.5,27.6,23.5,31.3,27.2,27.5,19.3,31.6,26.8,27.6,23.3,30.9,27.3,27.3,21.6,-1.1,-0.8,-0.1,-0.3,0,-0.1
"08-01 21:09","Train_B",30.5,27.1,27.2,25.4,31.2,27.7,27.5,24.5,32.1,27.3,27.8,23.7,31.9,28.1,27.7,23.6,31.4,27.7,27.6,25.3,31.6,27.9,27.6,24.2,-0.1,0.1,-0.5,0.4,0.3,0.2
"08-01 21:11","Train_B",31.1,26.9,27.4,23.1,31.2,26.3,27.4,22.4,31.9,28,27.7,25,32,27.7,27.8,22.5,31.6,27.3,27.6,23,31.6,27.1,27.6,21.6,-0.5,-0.3,0.3,-0.1,-0.5,-1.1
"08-01 21:13","Train_B",30.6,27.6,27.2,22.3,31.4,27.9,27.5,25.6,32,27.4,27.8,21.5,32,27.8,27.8,20.7,31.6,27.8,27.6,20.4,31.6,28,27.6,24,0.4,0.2,-0.4,0,0.4,0.4
"08-01 21:15","Train_B",31.4,26.6,27.5,23.4,30.9,26.9,27.3,21.4,32.2,28,27.8,23.5,32.1,27.8,27.8,22.1,32.2,27.6,27.9,25,31.4,27.5,27.5,22.6,-0.9,-0.3,0.2,0,0,-0.4
"08-01 21:17","Train_B",30.6,27.3,27.2,19.2,31.4,27.3,27.5,21.5,32.4,27.6,27.9,22.8,32.3,28,27.9,19.9,31.3,28.1,27.5,20,32.3,28.3,27.9,17.4,0.1,0.6,-0.3,0.1,0.4,-0.2
"08-01 21:19","Train_B",31.2,26.7,27.4,24,31.2,27.6,27.5,22,32.2,28.1,27.8,24.6,32.1,28,27.8,22,31.4,27.6,27.6,23.3,31.6,27.6,27.6,23.7,-0.7,0,0.3,0.2,0,0.1
"08-01 21:21","Train_B",30.7,27.3,27.2,22.6,31,27.3,27.4,19.5,32,27,27.7,21.2,31.8,27.6,27.7,20.9,31.9,27.2,27.7,23.2,31.3,27.4,27.5,20.9,0.1,-0.5,-0.7,-0.1,-0.1,-0.1
"08-01 21:23","Train_B",31.1,27.1,27.4,23.9,31.5,27.6,27.6,23.5,32.2,27.9,27.8,22.8,32.1,28.3,27.8,20.9,31.9,27.9,27.7,20.6,31.7,28.4,27.6,23.4,-0.3,0.2,0.1,0.5,0.8,0
"08-01 21:25","Train_B",31.9,27.7,27.7,25.9,31.3,27,27.5,19.6,33.1,27.5,28.2,23.9,32.3,27.6,27.9,20.6,32.2,27.6,27.9,23.7,31.9,27.5,27.7,20.1,0,-0.3,-0.7,-0.3,-0.2,-0.5
"08-01 21:27","Train_B",31.8,26.6,27.7,19,31.2,27.6,27.5,24.7,32.7,28.2,28.1,21.3,32.2,27.9,27.9,20.6,32.7,27.6,28,21.1,31.5,27.6,27.6,19.5,-1.1,-0.4,0.1,0,0,0.1
"08-01 21:29","Train_B",31.6,26.4,27.6,23.8,31,27.2,27.4,17.7,32.4,27.7,27.9,23.9,32.1,27.9,27.8,22.8,32.4,27.8,27.9,25,31.7,27.3,27.6,20.9,-1.2,-0.1,-0.2,0.1,-0.3,-0.2
"08-01 21:31","Train_B",30.6,27.6,27.2,21.2,30.4,26.9,27.1,23.7,32.2,27.5,27.9,22,31.2,27.6,27.5,17.8,31.1,27.6,27.4,19,30.9,28,27.3,21.7,0.4,0.2,-0.4,0.1,0.7,-0.2
"08-01 21:33","Train_B",30.5,26.3,27.2,23.2,29.8,26.6,26.9,21.2,31.3,27.9,27.5,22.3,30.9,27.9,27.3,20.8,30.8,27.1,27.3,22.5,30.4,27.2,27.1,20.6,-0.9,-0.2,0.4,0.6,0.1,-0.3
"08-01 21:35","Train_B",29.7,26.6,26.8,19.3,29.8,26.3,26.9,19.5,31.3,27.1,27.5,22.5,30.7,27.4,27.3,18,30.3,27,27.1,19.6,30.4,27.3,27.1,18.5,-0.2,-0.1,-0.4,0.1,0.2,-0.6
"08-01 21:37","Train_B",30.4,26.5,27.1,23,29.7,26.3,26.8,24.4,32,27.3,27.8,18.4,31,27.1,27.3,23.2,31.2,27.2,27.5,20.8,30.3,26.6,27.1,22.9,-0.6,-0.3,-0.5,-0.2,-0.5,-0.5
"08-01 21:39","Train_B",31.4,26.6,27.5,26.1,31.1,27.1,27.4,20.4,32.1,26.7,27.8,24.5,32.5,26.9,28,22.9,31.8,27,27.7,24,31.5,27.1,27.6,21.3,-0.9,-0.7,-1.1,-1.1,-0.5,-0.3
"08-01 21:41","Train_B",30.9,27.4,27.4,20.7,31.6,26,27.6,24.3,31.6,27.4,27.6,23.6,32.4,27.2,27.9,25.7,31.5,27.2,27.6,25,32,26.5,27.8,28.2,0,-0.4,-0.2,-0.7,-1.3,-1.6
"08-01 21:43","Train_B",31.5,26.8,27.6,25.2,31.3,27.3,27.5,24,31.6,28,27.6,24.8,32.5,29.5,28,23.1,31.7,27.2,27.7,25.1,32.2,29,27.8,24,-0.8,-0.5,0.4,1.5,1.2,-0.2
"08-01 21:45","Train_B",31.2,27.1,27.4,18.9,31.6,27.9,27.6,25.4,31.7,28.8,27.6,13.8,34.3,28.7,28.7,14.1,31.4,27.9,27.5,18.8,32.5,29.2,28,13.4,-0.3,0.4,1.2,0,1.2,0.3
"08-01 21:47","Train_B",30.3,26.5,27.1,25.7,30.1,26.4,27,19.9,31.1,26.2,27.4,20.8,32,26.4,27.8,21.4,30.8,26.6,27.3,23,30.9,26.9,27.3,20.9,-0.6,-0.7,-1.2,-1.4,-0.4,-0.6
"08-01 21:49","Train_B",29.6,26.5,26.8,17.2,29.3,26.6,26.7,25.5,30.7,27.1,27.2,25.6,31.2,27.2,27.4,25.4,30.3,27,27.1,18.3,30.2,26.6,27.1,25.3,-0.3,-0.1,-0.1,-0.2,-0.5,-0.1
"08-01 21:51","Train_B",29.9,26.3,26.9,24.9,29.7,25.7,26.8,19.5,30.4,27,27.1,19.1,31.4,27.4,27.6,19.6,30.4,26.6,27.1,23.5,30.1,26.7,27,18.5,-0.6,-0.5,-0.1,-0.2,-0.3,-1.1
"08-01 21:54","Train_B",30.8,26.4,27.3,19,30.4,26.3,27.1,20.8,31.2,27,27.5,24.2,31.8,27.6,27.7,25,31.2,27,27.4,19.2,30.8,28,27.3,20.3,-0.9,-0.4,-0.5,-0.1,0.7,-0.8
"08-01 21:56","Train_B",31.1,26.8,27.4,26.1,30.6,27.2,27.2,22.7,31.3,27.5,27.5,25.6,32.7,27.7,28.1,22.6,31.3,27.1,27.5,25.4,31.3,26.8,27.5,23.8,-0.6,-0.4,0,-0.4,-0.7,0
"08-01 21:58","Train_B",30.7,26.6,27.3,19.7,31.6,26.2,27.6,23.6,31.6,27.3,27.6,23.1,32.6,28.3,28,23.8,31.5,27,27.6,21.3,31.7,27.8,27.7,29.1,-0.7,-0.6,-0.3,0.3,0.1,-1.4
"08-01 22:00","Train_B",31,28.1,27.4,26.6,31.2,27.4,27.5,23.8,31.9,27.4,27.7,20.2,32.6,27.6,28,23.6,31.4,27.6,27.5,24.8,31.9,26.8,27.7,18.8,0.7,0.1,-0.3,-0.4,-0.9,-0.1
"08-01 22:02","Train_B",31.1,26.3,27.4,19.9,29.7,26.2,26.9,21.8,31.6,27.6,27.6,22.2,34.3,28.1,28.7,21,31.4,27,27.5,21.8,30.8,27.5,27.3,24.1,-1.1,-0.5,0,-0.6,0.2,-0.7
"08-01 22:04","Train_B",30.7,26.6,27.3,25.6,31.6,27.2,27.6,22.5,31.4,27.2,27.5,23.1,32.9,28.2,28.1,26.2,31,27.3,27.4,24.3,31.5,27,27.6,23.7,-0.7,-0.1,-0.3,0.1,-0.6,-0.4
"08-01 22:06","Train_B",31.3,26.9,27.5,20.2,30.1,26.9,27,26,31.7,27.3,27.6,19.1,32.7,27.6,28,22.5,31.7,26.9,27.6,22.5,30.7,27.2,27.2,17.6,-0.6,-0.7,-0.3,-0.4,0,-0.1
"08-01 22:08","Train_B",31,27.2,27.4,26.5,30.6,26.9,27.2,17.9,31.6,27.5,27.6,25.3,32.4,28.4,27.9,21.5,31.3,27.6,27.5,25,31.1,27.3,27.5,19.7,-0.2,0.1,-0.1,0.5,-0.2,-0.3
"08-01 22:10","Train_B",31.3,26.7,27.5,22,30.3,26.3,27.1,24,31.6,27.5,27.6,20.9,33.3,27.8,28.3,23.5,31.6,27.3,27.6,21.9,31.3,27,27.5,27.4,-0.8,-0.3,-0.1,-0.5,-0.5,-0.8
"08-01 22:12","Train_B",31.2,27.9,27.5,21.9,29.7,27.3,26.9,19,31.8,27.2,27.7,24.5,33.1,28,28.2,21.1,31.4,27.6,27.5,20,30.7,26.7,27.2,18.1,0.4,0.1,-0.5,-0.2,-0.5,0.4
"08-01 22:14","Train_B",31,26,27.4,22.7,31.2,26,27.4,22.2,31.9,27.2,27.7,21.8,32.7,27.7,28.1,25.3,31.9,27,27.7,24.3,31.3,27.2,27.5,27.5,-1.4,-0.7,-0.5,-0.4,-0.3,-1.4
"08-01 22:16","Train_B",30.2,27.1,27.1,22.4,30.6,27.6,27.3,22.1,30.9,27.3,27.3,18.4,33.3,27.6,28.3,20.4,30.9,27.6,27.3,22,31.7,27,27.6,21.2,0,0.3,0,-0.7,-0.6,0.3
"08-01 22:18","Train_B",30,26.7,27,24.7,29.1,25.7,26.7,21.4,31,27.4,27.4,24.7,32,27.6,27.8,25.3,30.7,27.4,27.2,20.4,30.3,27.3,27.1,19.9,-0.3,0.2,0,-0.2,0.2,-1
"08-01 22:20","Train_B",31.4,26.4,27.5,21,30.6,26.9,27.2,26.3,31.7,27.4,27.6,18.1,33,27.4,28.2,22.5,31.6,27.4,27.6,22.8,31.4,26.8,27.5,22.3,-1.1,-0.2,-0.2,-0.8,-0.7,-0.3
"08-01 22:22","Train_B",31.3,26.5,27.5,26.4,32.2,26,27.8,23.3,31.4,26.5,27.5,24,32.8,27.6,28.1,24.4,31.6,26.6,27.6,23.9,31.6,27,27.6,29.2,-1,-1,-1,-0.5,-0.6,-1.8
"08-01 22:24","Train_B",32,27.2,27.8,20.1,31.8,27.1,27.7,26.9,31.6,27.3,27.6,25.5,32.5,27.6,28,25.6,32,27.1,27.8,21,32,26.9,27.8,24.9,-0.6,-0.7,-0.3,-0.4,-0.9,-0.6
"08-01 22:26","Train_B",29.7,26.3,26.9,25.1,30.6,27,27.2,18.2,31.7,26.5,27.6,23.1,31.1,27.9,27.4,19.2,30.3,26.9,27.1,25.9,30.9,27.7,27.3,20.7,-0.6,-0.2,-1.1,0.5,0.4,-0.2
"08-01 22:28","Train_B",30.9,27.1,27.3,19.6,30.1,26.1,27,24.8,31.2,27.3,27.4,25.6,30.2,26.9,27.1,21.9,31,26.9,27.4,21.6,30.2,26,27.1,22.5,-0.2,-0.5,-0.1,-0.2,-1.1,-0.9
"08-01 22:30","Train_B",30.3,26.7,27.1,23.8,29.9,27.6,26.9,26.7,30.9,27.4,27.4,22.2,30.3,27.2,27.1,21.7,30.6,27.3,27.2,25.2,30.1,27.4,27,27.5,-0.4,0.1,0,0.1,0.4,0.7
"08-01 22:32","Train_B",31,27.3,27.4,21.9,30.3,25.8,27.1,19.3,31.6,26.6,27.6,22.9,30.9,26.2,27.3,19.1,31.7,26.4,27.7,21.6,30.6,26.5,27.2,22,-0.1,-1.3,-1,-1.1,-0.7,-1.3
"08-01 22:34","Train_B",31.4,26.2,27.5,25.1,31.3,26,27.5,25.2,31.6,27.3,27.6,26.5,31.6,26.8,27.6,25,31.6,26.9,27.6,26.2,31.6,26.6,27.6,22.8,-1.3,-0.7,-0.3,-0.8,-1,-1.5
"08-01 22:36","Train_B",31.6,27.5,27.6,27.5,32.1,27.3,27.8,27.2,32,26.7,27.8,21.1,32.9,27.6,28.1,22.8,31.9,27.2,27.7,22,32.5,27.5,28,29.3,-0.1,-0.5,-1.1,-0.5,-0.5,-0.5
